Price,Close,High,Low,Open,Volume
Ticker,AAPL,AAPL,AAPL,AAPL,AAPL
Date,,,,,
2020-01-02,72.71607971191406,72.77660582997152,71.46681974859514,71.7210264890596,135480400
2020-01-03,72.00910949707031,72.77173687491619,71.78395417961447,71.9413205610049,146322800
2020-01-06,72.5829086303711,72.62164622763687,70.87607527260708,71.12786596061405,118387200
2020-01-07,72.24154663085938,72.84922374466596,72.02123070618616,72.59259363206662,108872000
2020-01-08,73.40364074707031,73.70627127642481,71.94375136900179,71.94375136900179,132079200
2020-01-09,74.9627914428711,75.15647202012606,74.13237506994084,74.38415834268419,170108400
2020-01-10,75.13227081298828,75.69880172853615,74.62869680726308,75.19764374317383,140644800
2020-01-13,76.7374267578125,76.76406209011934,75.33080045122755,75.44943665950792,121532000
2020-01-14,75.70123291015625,76.88512745571894,75.57776463991175,76.67449772391772,161954400
2020-01-15,75.37679290771484,76.38394823058523,74.94342390604251,75.5002685322302,121923600
2020-01-16,76.32099151611328,76.43236486391163,75.55836410557868,75.92152071901803,108829200
2020-01-17,77.16594696044922,77.16836298058836,76.26289478458983,76.57036474816839,137816400
2020-01-21,76.64300537109375,77.23615682397768,76.50500406521856,76.79310894375465,110843200
2020-01-22,76.91656494140625,77.47097865524583,76.82214068619064,77.12961059079142,101832400
2020-01-23,77.28700256347656,77.3668937772688,76.42026453610515,76.96984634011159,104472000
2020-01-24,77.06426239013672,78.2796239983564,76.87299781703734,77.53394558679635,146537600
2020-01-27,74.79817199707031,75.48090092368226,73.81280512269632,75.06690438729518,161940000
2020-01-28,76.91416931152344,77.08606141566885,75.5825947326495,75.68185845150586,162234000
2020-01-29,78.524169921875,79.37395905172454,77.8075426954761,78.55080525794223,216229200
2020-01-30,78.41036987304688,78.46363314950943,77.17079622640016,77.60416527632543,126743200
2020-01-31,74.93374633789062,78.12225762194025,74.63837863048332,77.69857485901245,199588400
2020-02-03,74.72794342041016,75.89730439692568,73.16879052609627,73.67236441660148,173788400
2020-02-04,77.19498443603516,77.38624896845539,75.93119925405388,76.3379328465804,136616400
2020-02-05,77.82447814941406,78.62584328517734,77.21921702642419,78.32562874403418,118826800
2020-02-06,78.73477935791016,78.73720276650342,77.53636686633509,78.09562750675829,105425600
2020-02-07,77.66458892822266,78.48241627711123,77.17195067143345,78.23245711048376,117684000
2020-02-10,78.033447265625,78.033447265625,76.1648229834898,76.24490381310511,109348800
2020-02-11,77.56265258789062,78.60374785280499,77.34424291008455,78.53094709552873,94323200
2020-02-12,79.40457916259766,79.40943007689862,78.01402569685219,78.01402569685219,113730400
2020-02-13,78.83911895751953,79.16673706133996,78.4702495744921,78.6740990287421,94747600
2020-02-14,78.85856628417969,79.10852542853588,78.34893875905203,78.80759834748271,80113600
2020-02-18,77.41460418701172,77.5966134445047,76.34923977828454,76.5312490357775,152531200
2020-02-19,78.53579711914062,78.76634519119376,77.65730009675248,77.65730009675248,93984000
2020-02-20,77.73008728027344,78.78574250032466,77.22288901629881,78.29553354521413,100566000
2020-02-21,75.97067260742188,77.76650347779221,75.3518440007245,77.32239667498202,129554000
2020-02-24,72.36204528808594,73.81811974778519,70.19007199595448,72.13878468494622,222195200
2020-02-25,69.91096496582031,73.4176795737371,69.43774534651452,73.03425000192122,230673600
2020-02-26,71.02001953125,72.28923357582319,69.5275449173606,69.53482499231708,198054800
2020-02-27,66.37755584716797,69.4061923618355,66.24165620285358,68.21706677109698,320605600
2020-02-28,66.33873748779297,67.56427105877654,62.21562305087625,62.431610947009084,426510000
2020-03-02,72.5149154663086,73.15316245707646,67.39681595785085,68.50343166746465,341397200
2020-03-03,70.21188354492188,73.77440915704527,69.3576488043323,73.69432835310232,319475600
2020-03-04,73.46864318847656,73.6288122283086,71.13650139150472,71.93976834476976,219178400
2020-03-05,71.08555603027344,72.69451203400999,70.71910826678842,71.71651568382781,187572800
2020-03-06,70.14151000976562,70.57590748684923,68.24861680086957,68.43547696188391,226176800
2020-03-09,64.59388732910156,67.48661751740467,63.824591466108316,64.00660075736148,286744800
2020-03-10,69.24601745605469,69.51296580827801,65.37043395043041,67.25605431560939,285290000
2020-03-11,66.84109497070312,68.24620887014642,65.97472890691317,67.31675128375106,255598800
2020-03-12,60.24020767211914,65.52333058622261,60.18439253845632,62.11126440817364,418474000
2020-03-13,67.45750427246094,67.93073144161406,61.38567264424702,64.28326515957993,370732000
2020-03-16,58.77928924560547,62.87327957704444,58.24296696218062,58.71619032815072,322423600
2020-03-17,61.36381912231445,62.5165408014644,57.854678750743666,60.06548484229005,324056000
2020-03-18,59.861637115478516,60.66975874633833,57.54405159077075,58.187153255274865,300233600
2020-03-19,59.40297317504883,61.35896558109421,58.87636011980493,60.036365596883776,271857200
2020-03-20,55.63174819946289,61.11386719257989,55.330824836574074,59.98540735898822,401693200
2020-03-23,54.449893951416016,55.45215955190559,51.595989830091725,55.350234801464175,336752800
2020-03-24,59.91259765625,60.10916707001685,56.85969513959366,57.359613328429845,287531200
2020-03-25,59.58255386352539,62.67185674280047,59.286485163699844,60.85176409780143,303602000
2020-03-26,62.71795654296875,62.77619712859048,59.7863940034163,59.82522352915571,252087200
2020-03-27,60.121299743652344,62.094277592448684,59.9538506329564,61.337120260245676,204216800
2020-03-30,61.837039947509766,62.0093436795025,60.52414557218957,60.84933827038797,167976400
2020-03-31,61.710845947265625,63.70081315714961,61.15511262455559,62.02875857181586,197002000
2020-04-01,58.463802337646484,60.35912485054445,58.03183398758983,59.82037714150967,176218400
2020-04-02,59.43937301635742,59.49276269917482,57.49066070248686,58.32547715782636,165934000
2020-04-03,58.585147857666016,59.62623930857482,57.99301040837071,58.92247157470053,129880000
2020-04-06,63.69597625732422,63.85128701213313,60.51930809689075,60.888177619792245,201820400
2020-04-07,62.95821762084961,65.93589399470639,62.853867417629125,65.71747694762487,202887200
2020-04-08,64.5696029663086,64.88508270225176,63.395037501230945,63.76147775323179,168895200
2020-04-09,65.03556060791016,65.54033721316215,64.2371518120858,65.20786807728709,161834800
2020-04-13,66.31204223632812,66.42125075775364,64.51136064871955,65.11320728466447,131022800
2020-04-14,69.6610107421875,69.95222853281514,67.47689953040836,67.95012658868427,194994800
2020-04-15,69.02519989013672,69.4862886004415,68.10302246952716,68.53256171861511,131154400
2020-04-16,69.57364654541016,69.94009422345636,68.5204205220071,69.7410956561746,157125200
2020-04-17,68.62962341308594,69.63674726381512,67.1881094519009,69.08829031254295,215250000
2020-04-20,67.20509338378906,68.35781862849281,67.18568232250739,67.45263070247596,130015200
2020-04-21,65.12776947021484,67.28276042085989,64.41429253639382,67.0473614677832,180991600
2020-04-22,67.00367736816406,67.4404966317663,66.05723069304202,66.39940158614417,116862400
2020-04-23,66.74401092529297,68.37481424450658,66.7051813931717,66.94786041444767,124814400
2020-04-24,68.67089080810547,68.6806000437413,67.22209658899173,67.27063536119402,126161200
2020-04-27,68.71942901611328,69.05189812563647,67.93800218832392,68.38695250061332,117087600
2020-04-28,67.60551452636719,69.3649373275059,67.51330272470628,69.18292807221569,112004800
2020-04-29,69.82604217529297,70.29684010085327,68.89415555935265,69.0980050622793,137280800
2020-04-30,71.2990951538086,71.47625350962926,69.97649890054853,70.36720857906009,183064000
2020-05-01,70.1512222290039,72.56102298757865,69.3697955313602,69.46686565282405,240616800
2020-05-04,71.14379119873047,71.27241079901312,69.4838673851674,70.17550415897956,133568000
2020-05-05,72.21157836914062,73.04639490337159,71.45927182415636,71.60488073705282,147751200
2020-05-06,72.95658874511719,73.58997737842726,72.52947133643356,72.9153300566067,142333600
2020-05-07,73.7113265991211,74.05836324243135,73.28178737986006,73.58513616899319,115215200
2020-05-08,75.46578979492188,75.51932400836401,74.04470854157813,74.37321360469922,133838400
2020-05-11,76.65326690673828,77.14966694282032,74.7625416518722,74.97181444929954,145946400
2020-05-12,75.77723693847656,77.79205798459127,75.655568982972,77.33944932858249,162301200
2020-05-13,74.86228942871094,76.88198188882791,73.78187742017185,75.95730099741765,200622400
2020-05-14,75.32222747802734,75.38306147799402,73.3731037427669,74.09824769573883,158929200
2020-05-15,74.87690734863281,74.92314177584109,73.05188761996168,73.08595821938853,166348400
2020-05-18,76.6410903930664,77.01582984347145,75.51201542213853,76.20552437986748,135178400
2020-05-19,76.19823455810547,77.50737593072427,76.16659969162133,76.65813571214994,101729600
2020-05-20,77.68013763427734,77.75069971271533,77.02069186607584,77.05962650901947,111504800
2020-05-21,77.10099792480469,78.08407725078851,76.86252601832638,77.54143540411926,102688800
2020-05-22,77.59740447998047,77.68013781166567,76.73599313969208,76.83819007988166,81803200
2020-05-26,77.07180786132812,78.89925602718259,77.01583791238306,78.71918977774382,125522000
2020-05-27,77.40760803222656,77.55361111108796,76.18606403867054,76.92824326203885,112945200
2020-05-28,77.44168090820312,78.7045953244802,76.80414178535541,77.08154095991135,133560800
2020-05-29,77.36621856689453,78.1473247460618,77.00851448794498,77.68498800975172,153532400
2020-06-01,78.31766510009766,78.43933305662227,77.18858289905835,77.3199863713913,80791200
2020-06-02,78.68025207519531,78.70458715753213,77.60713955055513,78.05001280060178,87642800
2020-06-03,79.1133804321289,79.37618740858451,78.42717129207927,79.00144797787304,104491200
2020-06-04,78.43204498291016,79.23505064541881,78.05730554159499,78.93575218035002,87560400
2020-06-05,80.66587829589844,80.7267122915967,78.6534923915688,78.68269152133999,137250400
2020-06-08,81.142822265625,81.17689287086665,79.6487430542927,80.36171576772998,95654400
2020-06-09,83.70513153076172,84.09933458379527,80.7899715861673,80.82160644800746,147712400
2020-06-10,85.858642578125,86.32827910756656,84.21612516678438,84.65656257485465,166651600
2020-06-11,81.73654174804688,85.42551553412683,81.63434481058569,84.99967763398335,201662400
2020-06-12,82.44222259521484,84.63224629678102,81.32774713453523,83.88277478636243,200146000
2020-06-15,83.4617919921875,84.1163662672843,80.92866395631923,81.09170230417108,138808800
2020-06-16,85.6737289428711,85.94627147951505,83.88277968678821,85.52286182278011,165428800
2020-06-17,85.55448150634766,86.48159083556952,85.43281353741015,86.42075685110076,114406400
2020-06-18,85.58855438232422,86.00709250366052,84.97777878565866,85.51068509788405,96820400
2020-06-19,85.09944915771484,86.76386617293707,83.9874020783935,86.29666530516798,264476000
2020-06-22,87.32597351074219,87.46954083393744,85.4474196297417,85.4936540555532,135445200
2020-06-23,89.18992614746094,90.61344295119446,88.1533126161021,88.57428648623221,212155600
2020-06-24,87.61553955078125,89.73986501886358,87.24080011710065,88.81761971025675,192623200
2020-06-25,88.7786865234375,88.81762116630449,87.00963685193202,87.77127955859044,137522400
2020-06-26,86.0509033203125,88.89550150488402,85.90246451179942,88.67406487318402,205256800
2020-06-29,88.03407287597656,88.12897745361794,85.47904559885598,85.95841768027097,130646000
2020-06-30,88.76897430419922,89.05611644245259,87.60096441573309,87.62042802926302,140223200
2020-07-01,88.60104370117188,89.39188548967921,88.55238096980085,88.84681537177396,110737200
2020-07-02,88.60104370117188,90.14866410882917,88.48668294073944,89.51112514748854,114041600
2020-07-06,90.97114562988281,91.44078222719904,90.00266588363523,90.03430074503379,118655600
2020-07-07,90.68885803222656,92.13183815077863,90.57692559644255,91.35073198359613,112424400
2020-07-08,92.80101776123047,92.83265261870064,91.58190243701405,91.6695072289332,117092000
2020-07-09,93.20010375976562,93.75003795219516,92.14889068283713,93.6965037466287,125642800
2020-07-10,93.3631362915039,93.42154196968667,92.18052712914378,92.79373105488341,90257200
2020-07-13,92.93244934082031,97.29059783670382,92.71831248028391,94.67230019364084,191649200
2020-07-14,94.4703140258789,94.6625440704525,91.37508059280022,92.31191801469724,170989200
2020-07-15,95.1200180053711,96.60193299733245,93.91793786080713,96.35129727473847,153198000
2020-07-16,93.9495620727539,94.80853755147119,93.34852206859607,93.98849671008664,110577600
2020-07-17,93.759765625,94.55790717010848,93.2852575959958,94.4021760380504,92186800
2020-07-20,95.73565673828125,95.8743600058145,93.50183459957924,93.84737490055309,90318000
2020-07-21,94.41436004638672,96.60438386189568,94.16372428454169,96.52895030233236,103433200
2020-07-22,94.6795883178711,95.36336177523553,94.02744972364847,94.11504710524962,89001600
2020-07-23,90.37010955810547,94.48978555792418,89.55736834691913,94.41191626887031,197004400
2020-07-24,90.14623260498047,90.4917729162458,86.76872848149942,88.56212064394785,185438800
2020-07-27,92.28273010253906,92.37519895851747,90.98818839691468,91.21205332883926,121214000
2020-07-28,90.7667465209961,92.02966071554671,90.7618750492638,91.85202279586937,103625600
2020-07-29,92.506591796875,92.69152948751328,91.21447855018052,91.25097745595819,90329200
2020-07-30,93.62594604492188,93.73057872513968,91.26802000602063,91.67682263526055,158130000
2020-07-31,103.42750549316406,103.57837258120165,98.13737733924819,100.14247044684525,374336800
2020-08-03,106.03363037109375,108.66165541676666,105.01648797674454,105.31578641481019,308151200
2020-08-04,106.74175262451172,107.83676443958547,105.49830201297321,106.22344584387962,173071600
2020-08-05,107.12865447998047,107.44985972369943,105.99470803547494,106.46191633779561,121776800
2020-08-06,110.86628723144531,111.36269464253704,106.87071514088169,107.46201970975673,202428800
2020-08-07,108.34567260742188,110.8443633796673,107.5460918578799,110.38606573552487,198045600
2020-08-10,109.92045593261719,110.94187256781626,107.26087294038835,109.79612844927841,212403600
2020-08-11,106.65142822265625,109.68154587218592,106.3905875156011,109.18181072713648,187902400
2020-08-12,110.1959228515625,110.45432345102633,107.55096573953472,107.74598253329141,165598000
2020-08-13,112.1461181640625,113.15290889313627,111.09056951787859,111.58055905900497,210082000
2020-08-14,112.0461654663086,112.13636091412904,110.23004099312963,111.97059590519345,165565200
2020-08-17,111.75363159179688,113.19678105887246,111.1246961523291,113.17240210150105,119561600
2020-08-18,112.68486785888672,113.11147363228434,111.16858875529117,111.50499906976243,105633600
2020-08-19,112.82623291015625,114.2450033462818,112.73116465257537,113.09438654850844,145538000
2020-08-20,115.32980346679688,115.4443778648386,112.85061167913358,112.86767769232154,126907200
2020-08-21,121.27302551269531,121.75813472539492,116.28051759278713,116.29270335052242,338054800
2020-08-24,122.7234878540039,125.57809477103142,120.85130005912201,125.49276470400675,345937600
2020-08-25,121.7166976928711,122.06286102018731,119.98833606258718,121.59237766186422,211495600
2020-08-26,123.3719253540039,123.83022293693548,121.9677808342838,123.03795523691794,163022400
2020-08-27,121.89710235595703,124.31047038391692,120.74891816931488,123.97650023718222,155552400
2020-08-28,121.69963836669922,123.2939194462389,121.47536238371781,122.8746266915099,187630000
2020-08-31,125.8267593383789,127.7379597872236,122.86246513885628,124.40312323319982,225702700
2020-09-01,130.83871459960938,131.44328581036513,127.2796108898159,129.45407646203302,151948100
2020-09-02,128.1279754638672,134.54412730802744,123.837546725689,134.16383937386541,200119000
2020-09-03,117.86995697021484,125.6317436254773,117.49942205189187,123.74980981660858,257599600
2020-09-04,117.94793701171875,120.61970534748437,108.1286934708545,117.08009977010788,332607200
2020-09-08,110.0106430053711,116.02700063472479,109.87412977263537,111.11250193799896,231366600
2020-09-09,114.39857482910156,116.17325409792939,112.38987396422294,114.34007128994196,176940500
2020-09-10,110.66397094726562,117.4994162494611,109.69862512916494,117.36290300000906,182274400
2020-09-11,109.2110595703125,112.36063179376235,107.2608620779855,111.71706305037618,180860300
2020-09-14,112.48739624023438,113.0432022491566,109.9911457355189,111.8633336140555,140150100
2020-09-15,112.66292572021484,115.87100193475885,110.78098458035815,115.38345249375364,184642000
2020-09-16,109.33782958984375,113.11146475601348,109.250074265693,112.36064192709577,154679000
2020-09-17,107.59239959716797,109.40608398688913,106.00299120807408,106.98784309353663,178011000
2020-09-18,104.1795425415039,108.1189422202142,103.44821850945301,107.65089900577279,287104900
2020-09-21,107.33887481689453,107.44613627717712,100.53268210169752,101.93682671673261,195713800
2020-09-22,109.0257797241211,110.0496363016209,106.44177420460605,109.874118243747,183055400
2020-09-23,104.45258331298828,109.31832411053182,104.11129279067556,108.84052779447258,150718700
2020-09-24,105.52517700195312,107.50462606943356,102.38535816136529,102.55112314626282,167743300
2020-09-25,109.48408508300781,109.64010445196426,104.98887930687886,105.72995643059598,149981400
2020-09-28,112.09732818603516,112.44836425847022,109.97161305380573,112.14608608920007,137672400
2020-09-29,111.24900817871094,112.43862979442277,110.74196012319106,111.69756013169471,99382200
2020-09-30,112.92620086669922,114.34009873081921,110.7907393413405,110.95650436835015,142675200
2020-10-01,113.88178253173828,114.78862465587767,112.94568863575778,114.71061497135939,116120400
2020-10-02,110.20565795898438,112.49714598356358,109.42558341904119,110.07889779908955,144712000
2020-10-05,113.59900665283203,113.74527295614752,110.72246825841832,111.07350441061017,106243800
2020-10-06,110.3421859741211,113.2284775868128,109.45484247754938,112.81893042871084,161498200
2020-10-07,112.21437072753906,112.6726683499166,111.28802241183179,111.76582617611366,96849000
2020-10-08,112.10709381103516,113.50148518843807,111.73655156006717,113.3552189019724,83477200
2020-10-09,114.05728149414062,114.08653326108117,112.0583264398698,112.40936252197992,100506900
2020-10-12,121.30230712890625,122.06288309615621,116.30979798060422,117.07037394785418,240226800
2020-10-13,118.08446502685547,122.26763983658118,116.67057472065251,122.15062530057422,262330500
2020-10-14,118.1722183227539,119.96639642799329,116.6413136031742,117.98694718210373,150712000
2020-10-15,117.70417785644531,118.1819741959685,115.20792725389234,115.7637332845987,112559200
2020-10-16,116.05624389648438,118.52324985437662,115.85147406239771,118.25996903954183,115393800
2020-10-19,113.09194946289062,117.42138259241214,112.7799181793268,116.97283808725243,120639300
2020-10-20,114.58385467529297,116.01725100908146,112.75066428839048,113.3064702709398,124423700
2020-10-21,113.95980834960938,115.75398671105492,113.55026116761503,113.76478411070397,89946000
2020-10-22,112.86766052246094,115.10063716116387,111.73654259987111,114.5253251310434,101988000
2020-10-23,112.17535400390625,113.64775510639481,111.4342769177023,113.49173574533604,82572600
2020-10-26,112.18511962890625,113.64776782516624,110.0691495843626,111.17101598676972,111850700
2020-10-27,113.69647979736328,114.35954705269243,111.68777933537095,112.61411990352582,92276800
2020-10-28,108.43097686767578,112.5556478095225,108.33346848159846,112.18511296666344,143937800
2020-10-29,112.44837188720703,114.01828125115553,109.4060615328435,109.57183395120363,146129200
2020-10-30,106.14925384521484,109.20131035012999,105.03764183054732,108.29446818664717,190272600
2020-11-02,106.06149291992188,107.92393519387548,104.64760263945637,106.39303037953306,122866900
2020-11-03,107.68988800048828,108.71373703105417,106.02247034549957,106.92931230937887,107624400
2020-11-04,112.08757781982422,112.71164031044054,109.55232302176893,111.29775035750924,138235500
2020-11-05,116.06600952148438,116.64132168469465,113.95979997203881,115.01290102705485,126387100
2020-11-06,115.93413543701172,116.43228836490333,113.43357109225822,115.5727237961662,114457900
2020-11-09,113.6191635131836,119.15750989185466,113.35543592706722,117.70210831549566,154515300
2020-11-10,113.27730560302734,114.8596862189922,111.4800244999921,112.86705932868448,138023400
2020-11-11,116.71556091308594,116.85230965844065,113.73638330100388,114.46896905922455,112295000
2020-11-12,116.44205474853516,117.73140528886907,115.81691554426702,116.84253851027572,103162300
2020-11-13,116.49090576171875,116.8913821021024,115.13318074907436,116.66672664224632,81581900
2020-11-16,117.50675201416016,118.18072580642377,115.40667146783778,116.15878952513835,91183000
2020-11-17,116.6178970336914,117.86817567185544,116.19788085503488,116.77418558958617,74271000
2020-11-18,115.28946685791016,117.03790584258053,115.26016461858715,115.85600165898173,76322100
2020-11-19,115.88531494140625,116.29556123551815,114.09780364988457,114.85969175387774,74113000
2020-11-20,114.61549377441406,116.01229108300883,114.56665918945185,115.88531221940879,73604300
2020-11-23,111.20651245117188,114.88898089812312,111.10883584417593,114.45919488464406,127959300
2020-11-24,112.4958724975586,113.16008391412161,109.97577558304761,111.26513373188881,113874200
2020-11-25,113.33590698242188,114.0391905490455,112.49587466142678,112.86705623950492,76499200
2020-11-27,113.88289642333984,114.76200083857178,113.52149221259015,113.86336408177817,46691300
2020-11-30,116.28578186035156,118.16119960518925,114.09778703912657,114.25407557732021,169410200
2020-12-01,119.87055969238281,120.60314540681418,117.2234842051738,118.20026515774896,127728200
2020-12-02,120.22220611572266,120.5054734972761,118.08305336151587,119.1868131981227,89004200
2020-12-03,120.08544921875,120.90594161808744,119.3723958650188,120.65197649113902,78967600
2020-12-04,119.41146850585938,120.00730546840785,118.69841514908516,119.75334034037562,78260400
2020-12-07,120.87664794921875,121.67760806582265,119.41147645892518,119.4700809338177,86712000
2020-12-08,121.49201202392578,122.0780865564266,120.23196370264463,121.48224958003209,82225500
2020-12-09,118.95238494873047,123.02555979189044,118.19049698695923,121.638532607525,115089200
2020-12-10,120.37848663330078,120.99386342394624,117.36023696350695,117.70210881817248,81312200
2020-12-11,119.56777954101562,119.90965143989179,117.75096607584693,119.58731188427349,86939800
2020-12-14,118.95238494873047,120.48593076857054,118.71795960331949,119.75334504344477,79184500
2020-12-15,124.91073608398438,124.93027587481632,121.24780778889934,121.45293087915451,157243700
2020-12-16,124.84239959716797,125.38939467047082,123.62142312836772,124.45169308895106,98208600
2020-12-17,125.71171569824219,126.57128777488863,125.06703664075737,125.90706892352664,94359800
2020-12-18,123.7190933227539,126.10244150708998,123.19163065315914,125.96569275411149,192541500
2020-12-21,125.25260925292969,125.33075351260746,120.58359779476139,122.11714349276538,121251600
2020-12-22,128.81788635253906,131.28914115354644,126.63965393544905,128.5541513025178,168904800
2020-12-23,127.91925048828125,129.355104892956,127.74342215221154,129.09138474559504,88223700
2020-12-24,128.90576171875,130.3611704577423,128.05596720306235,128.27086016867173,54930100
2020-12-28,133.51620483398438,134.1511065581324,130.41003332778524,130.8788989655675,124486200
2020-12-29,131.7384796142578,135.56746024422537,131.22078675513583,134.84465167348836,121047300
2020-12-30,130.6151580810547,132.83245515094322,130.3025810031429,132.43197135905453,96452100
2020-12-31,129.6090545654297,131.61145830727833,128.66157593984025,130.96677936325997,99116600
2021-01-04,126.40523529052734,130.50771259087762,123.8167640988133,130.4198058762155,143301900
2021-01-05,127.96807861328125,128.68113950331986,125.4479817429498,125.89730757907694,97664900
2021-01-06,123.66045379638672,128.00713303887534,123.44556081758887,124.75445102833649,155088000
2021-01-07,127.8801498413086,128.57367081768766,124.89120276080193,125.37959319629631,109578200
2021-01-08,128.9839630126953,129.55049790853118,127.2062140390898,129.3551297410371,105158200
2021-01-11,125.9852294921875,127.14760145406545,125.51637870995441,126.1903600931944,100384500
2021-01-12,125.80939483642578,126.67872932371974,123.91443732593233,125.51635755772662,91951100
2021-01-13,127.8508529663086,128.39784789227025,125.50658473947469,125.77030485446012,88636800
2021-01-14,125.91683959960938,127.95830826895903,125.77031351003957,127.76295505402753,90221800
2021-01-15,124.18794250488281,127.19642993721087,124.05119375361772,125.78986283591505,111598500
2021-01-19,124.86192321777344,125.72149530988855,123.9925886807919,124.81308118444944,90757300
2021-01-20,128.96441650390625,129.41374239946222,125.56522221027927,125.67266873501019,104319500
2021-01-21,133.69203186035156,136.42702207412472,130.48819086563083,130.6933214660753,120150900
2021-01-22,135.84095764160156,136.60284572356557,131.88499112094416,133.11572996769436,114459400
2021-01-25,139.6015625,141.72117584234562,133.3696938895246,139.74808861764467,157611700
2021-01-26,139.83595275878906,140.9494823530756,138.08750665706705,140.2657387257932,98390600
2021-01-27,138.76153564453125,140.949530910091,137.1498526175353,140.09972112639457,140843800
2021-01-28,133.90692138671875,138.69315786113063,133.5259773426194,136.28050728033566,142621100
2021-01-29,128.89601135253906,133.56502276186197,127.18664481426623,132.67614858488167,177523800
2021-02-01,131.02542114257812,132.23663511827664,127.88994713431293,130.64447709526527,106239800
2021-02-02,131.85565185546875,133.144994822716,131.4844703643024,132.5784601431174,83305400
2021-02-03,130.8300323486328,132.61754313249799,130.50769287241187,132.60776578490467,89880900
2021-02-04,134.19996643066406,134.2097288768962,131.4649761313631,133.13527851593736,84183100
2021-02-05,133.78419494628906,134.42983740127244,132.9037842725981,134.3613683130723,75693800
2021-02-08,133.93092346191406,133.97983847702403,131.98421930396577,133.0700669616327,71297200
2021-02-09,133.0504913330078,134.87981130485002,132.89398418993693,133.6472186633411,76774200
2021-02-10,132.44400024414062,134.00919124583916,131.4755366325783,133.51027896407933,73046600
2021-02-11,132.1896514892578,133.42222921972905,130.85924373219854,132.94288597227373,64280000
2021-02-12,132.42445373535156,132.58097584744993,130.7810163386291,131.42665885595727,60145100
2021-02-16,130.29185485839844,133.05048531230534,129.90054970151292,132.5418109985024,80576300
2021-02-17,127.99302673339844,129.34300385661615,126.65284157162291,128.39410905649507,97918500
2021-02-18,126.88760375976562,127.17128698603346,124.63764723542835,126.38869146538119,96856700
2021-02-19,127.04409790039062,127.86583132256979,125.99738825363634,127.4060570610675,87668800
2021-02-22,123.25830841064453,126.89736442452865,122.86701070079127,125.22456652832139,103916400
2021-02-23,123.12136840820312,123.95287146533934,115.81390958217581,121.0670645425184,158273000
2021-02-24,122.62244415283203,122.8278737605014,119.5703385950213,122.22136943215831,111039900
2021-02-25,118.35734558105469,123.70832364732854,117.91714023140678,121.96705631635206,148199500
2021-02-26,118.62145233154297,122.13333235763007,118.56275282287397,119.92250660347193,164560400
2021-03-01,125.0093765258789,125.14632962305842,120.1181731597989,121.05728331048017,116307900
2021-03-02,122.39749145507812,125.91915683872573,122.28988437011962,125.61590457932542,102260900
2021-03-03,119.40406036376953,122.97464049846667,119.18884621038296,122.09422235433273,112966300
2021-03-04,117.51605987548828,120.91055650866424,116.038921700727,119.10081259436319,178155000
2021-03-05,118.7779769897461,119.28666630320659,115.01175200979323,118.34755618226085,153766600
2021-03-08,113.82809448242188,118.36713097393849,113.68135687696733,118.29865441984433,154376600
2021-03-09,118.45513916015625,119.40403364408445,116.20519047683538,116.43996610827261,129525800
2021-03-10,117.36931610107422,119.51165804272296,116.85084228896541,119.04210671169741,111943300
2021-03-11,119.30624389648438,120.52904486393365,118.6214783400667,119.8736253365932,103026500
2021-03-12,118.39646911621094,118.5334222152771,116.56716380866244,117.78018017041316,88105100
2021-03-15,121.29206085205078,121.30184534868131,117.79974189337008,118.76820554841954,92403800
2021-03-16,122.83768463134766,124.45178328205833,122.00618152746164,122.96485323576835,115227900
2021-03-17,122.0452880859375,123.12135115398401,119.67794038017584,121.35073821962219,111932600
2021-03-18,117.90734100341797,120.4996801450081,117.7019113683554,120.20620497298519,121229700
2021-03-19,117.37909698486328,118.787765950923,117.07584476265258,117.2910589061766,185549500
2021-03-22,120.70511627197266,121.17467507978692,117.64322564652812,117.71170219523187,111912300
2021-03-23,119.87361907958984,121.53662532316353,119.48232129775354,120.6464301462858,95467100
2021-03-24,117.4769058227539,120.22576688443581,117.45734429535013,120.14750584805427,88530500
2021-03-25,117.96604919433594,119.01277396820035,116.41064997457923,116.93890087847339,98844700
2021-03-26,118.57254028320312,118.83666942036037,116.33236845038506,117.73125278394801,94071200
2021-03-29,118.74862670898438,119.91273541981596,118.10299178920243,119.00297135659957,80819200
2021-03-30,117.29106140136719,117.78018175127832,116.27369017794591,117.49649105272375,85671900
2021-03-31,119.49209594726562,120.83228085062457,118.51385530498492,119.00297562612528,118323800
2021-04-01,120.3235855102539,121.47790963726158,119.82468074887879,120.96922784419617,75089100
2021-04-05,123.1604995727539,123.41484423200751,120.39207673653289,121.17467224344372,88651200
2021-04-06,123.46373748779297,124.36371699214183,122.91592517442983,123.7474281396083,80171300
2021-04-07,125.11699676513672,125.13655829677086,122.41705013315294,123.09203865699509,83466700
2021-04-08,127.52345275878906,127.55279878438414,125.72349353070734,126.14412984874876,88844600
2021-04-09,130.10601806640625,130.1451411281215,126.65282945773264,126.97565069226758,106686700
2021-04-12,128.38429260253906,129.9592604537893,127.78756528183514,129.63643928749713,91420000
2021-04-13,131.5048828125,131.7298889082425,129.05928119869824,129.5581934810451,91266500
2021-04-14,129.15711975097656,132.06249585390395,128.79517546483183,132.0038037995852,87222800
2021-04-15,131.57334899902344,132.06246925552537,130.73206156076947,130.90815261502829,89347100
2021-04-16,131.2407684326172,131.73966578761528,130.37991188899602,131.37772152575985,84922400
2021-04-19,131.90599060058594,132.5222871031633,130.43862934817926,130.60492849890622,94264200
2021-04-20,130.213623046875,132.5809638018916,128.9419071234644,132.0820664075215,94812300
2021-04-21,130.59512329101562,130.8396834469913,128.44299690378307,129.4799295768372,68847100
2021-04-22,129.0690460205078,131.23094903356164,128.55057978153482,130.1451015482709,84566500
2021-04-23,131.39727783203125,132.17985833056576,129.28427466174912,129.28427466174912,78657500
2021-04-26,131.78857421875,132.12117243879302,130.65381154555584,131.89618128132474,66905100
2021-04-27,131.4657745361328,132.46358428625007,131.1918683187311,132.07227902798383,66015800
2021-04-28,130.6733856201172,132.0820545207044,130.18426530334483,131.38749710310995,107760100
2021-04-29,130.57554626464844,134.08744123271336,129.56795967816743,133.5004909237802,151101000
2021-04-30,128.59951782226562,130.65381415781053,128.21800457946676,128.91254705716273,109839500
2021-05-03,129.65603637695312,131.1527586179982,128.96149372877142,129.16691594936623,75135100
2021-05-04,125.06806945800781,128.6288723998823,123.9430911832169,128.3353972104989,137564700
2021-05-05,125.31263732910156,127.61149397563412,125.18546126388162,126.38869312319078,84000900
2021-05-06,126.91695404052734,126.92673107390986,124.36373774806538,125.10720277127093,78128300
2021-05-07,127.59306335449219,128.62194863274965,126.87772403166485,128.22020012171234,78973300
2021-05-10,124.30059814453125,126.9365300969227,124.26140115764763,126.80915297265736,88071200
2021-05-11,123.37950134277344,123.73225929039904,120.30260126371391,121.01793322731803,126142800
2021-05-12,120.30260467529297,122.13502470718254,119.79305875777395,120.91994792228226,112172300
2021-05-13,122.45838165283203,123.6146665716941,121.76265197362714,122.07622038504428,105861300
2021-05-14,124.8885498046875,125.31970922511546,123.32070756139703,123.71266999123503,81918000
2021-05-17,123.73225402832031,124.37899310292869,122.65436304670058,124.27120325716062,74244600
2021-05-18,122.3407974243164,124.4377876927737,122.2722045641729,124.01642941587465,63342900
2021-05-19,122.18402862548828,122.40940198347324,120.39080549827442,120.68477919902028,92612000
2021-05-20,124.7513656616211,125.1531292132296,122.58578236741039,122.71317445746266,76857100
2021-05-21,122.90913391113281,125.42748227973826,122.69355422979483,125.25109958373996,79295400
2021-05-24,124.54557037353516,125.36869212394858,123.4088876885631,123.47748054475917,63092900
2021-05-25,124.34960174560547,125.74106867528869,123.78125662475325,125.25111005560896,72009500
2021-05-26,124.30059814453125,124.82974625336892,123.87923988060832,124.40838798944601,56575900
2021-05-27,122.76215362548828,125.07472355131192,122.56617616440937,123.89884383271658,94625600
2021-05-28,122.10562133789062,123.27170742078762,122.04682959457176,123.04632661129708,71311100
2021-06-01,121.7822494506836,122.83074455067667,121.44908627688243,122.56617423477933,67637100
2021-06-02,122.54658508300781,122.72296780445203,121.55688909562903,121.7822624487701,59278900
2021-06-03,121.05712890625,122.34079850429373,120.65536538181918,122.17421691048338,76229200
2021-06-04,123.35990142822266,123.62447923898972,121.36089981512367,121.57647951987867,75169300
2021-06-07,123.36969757080078,123.78125473088885,122.32120243854156,123.63426789483995,71057600
2021-06-08,124.19281005859375,125.8782506142176,123.67346305813653,124.05562434058848,74403800
2021-06-09,124.5749740600586,125.1825161645287,123.97723307167732,124.6533680366472,56877900
2021-06-10,123.57547760009766,125.61367614452429,123.40889600611712,124.4671847907461,71186400
2021-06-11,124.7905502319336,124.87874532211927,123.56567241757213,123.98703068475491,53522400
2021-06-14,127.857666015625,127.91645776960735,124.51620258719356,125.25112941622227,96906500
2021-06-15,127.0345230102539,127.97523571896205,126.78954745562504,127.32849666623278,62746300
2021-06-16,127.53424835205078,128.2593812661724,125.87822641453837,127.74982800348911,91815000
2021-06-17,129.14134216308594,129.8860776224525,127.04435143931097,127.19134578361376,96721700
2021-06-18,127.83802032470703,128.8669054535621,127.62244069051775,128.08299582245687,108953300
2021-06-21,129.6410675048828,129.74885734783985,126.61317321470958,127.68126305266121,79663300
2021-06-22,131.28732299804688,131.38531922160797,128.97475267197447,129.47451247916192,74783600
2021-06-23,131.01295471191406,131.62050439899582,130.55239936376128,131.08155506050588,60214200
2021-06-24,130.72874450683594,131.93401991944447,130.25838072698704,131.74783612560256,68711000
2021-06-25,130.43479919433594,131.19912181234292,130.14082550615106,130.7777709892388,70783700
2021-06-28,132.07122802734375,132.53178329485237,130.66997494475694,130.72876668918406,62111300
2021-06-29,133.59007263183594,133.7468605769358,131.64987040561977,132.09082341810688,64556100
2021-06-30,134.2073974609375,134.64835041310198,133.1392928141683,133.43326643298442,63261400
2021-07-01,134.51116943359375,134.5699611689942,133.03150764945613,133.85463680142217,52485800
2021-07-02,137.14710998535156,137.18629949198788,134.9815196787238,135.12849901876004,78852600
2021-07-06,139.1657257080078,140.27300511470358,137.25491925633426,137.25491925633426,108181800
2021-07-07,141.66445922851562,141.97802013748654,139.7928425569442,140.65514627070422,104911600
2021-07-08,140.36122131347656,141.16473348435932,137.84286503744906,138.73457978552972,105575500
2021-07-09,142.1936492919922,142.72279005159137,139.7830826152898,139.8810788440166,99890800
2021-07-12,141.59588623046875,143.37931564236285,141.10593506704151,143.27152578832394,76299700
2021-07-13,142.71298217773438,144.496411688261,140.7433837745926,141.13533874616226,100827100
2021-07-14,146.15243530273438,146.56400746388263,144.71197759508698,145.12354975623524,127050800
2021-07-15,145.4958953857422,146.98535113045864,144.1338317300182,146.24063073416198,106820300
2021-07-16,143.44790649414062,146.75017267674576,142.94816167117358,145.47631156501131,93251400
2021-07-19,139.5870819091797,141.17453382837715,138.82275929894942,140.86095791027103,121434600
2021-07-20,143.21270751953125,144.1436266165373,140.08683190917176,140.57678303301844,96350000
2021-07-21,142.477783203125,143.19312262136464,141.72326922538142,142.60517528212256,74993500
2021-07-22,143.8496551513672,145.22151233826582,142.87954652855333,143.00693860738033,77338200
2021-07-23,145.57423400878906,145.731021912215,143.96719537896686,144.58453840363305,71447400
2021-07-26,145.99560546875,146.8187195664772,144.73152350598792,145.29007482723583,72434100
2021-07-27,143.8202667236328,146.21123076065714,142.62478470512065,146.1230281888383,104818600
2021-07-28,142.0662078857422,144.01621852456796,139.67524427491423,141.89962631641336,118931200
2021-07-29,142.71298217773438,143.60469693299768,141.67428804616338,141.78207790616358,56699500
2021-07-30,142.9285430908203,143.38909834548167,141.21371414962817,141.4782919442919,70440600
2021-08-02,142.5953826904297,143.99663576121543,142.3308048906137,143.41849700972153,62880000
2021-08-03,144.39842224121094,145.06474871455308,142.2622271752402,142.8795704889318,64786600
2021-08-04,143.99664306640625,144.81975742745607,143.34011030565534,144.31021898611445,56368300
2021-08-05,144.10443115234375,144.86875375710454,143.2323186955207,144.0260371733782,46397700
2021-08-06,143.41749572753906,144.3694263865435,142.91700212338765,143.62359013779354,54126800
2021-08-09,143.36842346191406,143.96706011061815,142.80905002187748,143.47637482395993,48908700
2021-08-10,142.8875274658203,144.95821948179562,142.59311336897338,143.7118749573733,69023100
2021-08-11,143.14271545410156,143.98669476400684,142.81886136110603,143.32917826290446,48493500
2021-08-12,146.11624145507812,146.27326431640063,143.12305867466128,143.46654431198874,72282600
2021-08-13,146.3223419189453,146.6560042822418,145.5078026382922,146.19475896699817,59375000
2021-08-16,148.30471801757812,148.37342114630292,143.74135078700877,145.77278011126276,103296000
2021-08-17,147.39199829101562,148.85423036045253,146.3124850405066,147.4312465117062,92229700
2021-08-18,143.63336181640625,147.91213704580514,143.42726745871994,147.00927814091656,86326000
2021-08-19,143.96702575683594,145.24281019262168,141.808014005634,142.328139087416,86960300
2021-08-20,145.42929077148438,145.7335132179683,144.04555482987226,144.6932629269492,60549600
2021-08-23,146.92098999023438,147.39204365611192,145.13488842138761,145.54706225084624,60131800
2021-08-24,146.83262634277344,148.0495309623608,146.37138108229806,146.6657951809347,48606400
2021-08-25,145.59608459472656,147.51957679036173,145.04651967440822,147.0190684008053,58991300
2021-08-26,144.79136657714844,146.34193343849523,144.76192666629242,145.58628909382776,48597200
2021-08-27,145.83168029785156,145.97887990121833,144.09465010548706,144.73253501944617,55802400
2021-08-30,150.26742553710938,150.63054275493232,145.841450580605,146.22418442407636,90956700
2021-08-31,149.00144958496094,149.95337994286723,148.47150125451728,149.81598870433032,86453100
2021-09-01,149.66880798339844,152.0927942907588,149.50197679710354,149.98285372785378,80313700
2021-09-02,150.78756713867188,151.83764073221985,149.56085404781211,151.0034698406252,71115500
2021-09-03,151.42547607421875,151.74933014670412,150.23801114177232,150.89552760123323,57808700
2021-09-07,153.7709197998047,154.33029310259397,151.51376504008468,152.08296162989393,82278300
2021-09-08,152.2204132080078,154.11445151269365,151.11145950088428,154.05557166532938,74420200
2021-09-09,151.1997528076172,153.20174194196827,151.0819781706379,152.59329705325342,57305700
2021-09-10,146.19473266601562,152.58344783541474,145.92975849599713,152.11239429112135,140893200
2021-09-13,146.76394653320312,148.5991043920851,145.97884721713058,147.82382836372247,102404300
2021-09-14,145.360595703125,148.25565069827465,144.17314576723558,147.54906273042073,109296300
2021-09-15,146.2536163330078,146.6559817546306,143.6431677103874,145.7923710886154,83281300
2021-09-16,146.01812744140625,146.19478193913181,144.47738336024315,145.67465671034486,68034100
2021-09-17,143.33895874023438,146.04755063760766,143.04454462427765,146.04755063760766,129868800
2021-09-20,140.27708435058594,142.141682080616,138.63819761482773,141.12106347538898,123478900
2021-09-21,140.75794982910156,141.90616637912737,140.1200650564419,141.24863503100102,75834000
2021-09-22,143.13290405273438,143.7020858074547,141.02294833620297,141.75897626590603,76404300
2021-09-23,144.09463500976562,144.33997763935906,142.9268016969767,143.91798052970498,64838200
2021-09-24,144.18292236328125,144.7226790220036,142.8482581592234,142.94640117881744,53477900
2021-09-27,142.6618194580078,143.24083941199348,141.14070721951342,142.75996249414771,74150700
2021-09-28,139.26629638671875,142.05338511565432,139.0503936707916,140.58132931134702,108972300
2021-09-29,140.16915893554688,141.7589744515087,139.38405949234024,139.81586493483022,74602000
2021-09-30,138.86390686035156,141.6902583077313,138.64800418175875,140.98367044588636,89056700
2021-10-01,139.9925079345703,140.25748218533883,136.51846265310405,139.2564799959563,94639600
2021-10-04,136.5478973388672,139.56071210655347,135.69410975464882,139.1190833806911,98322000
2021-10-05,138.48118591308594,139.59013932235956,136.76378761176298,136.89137056313777,80861100
2021-10-06,139.35458374023438,139.50178329662984,135.79220473023892,136.87171805888073,83221100
2021-10-07,140.62054443359375,141.5332266041183,140.06117114642012,140.39483345627966,61732700
2021-10-08,140.2378387451172,141.49399178970734,139.90417636832538,141.34679220421845,58773200
2021-10-11,140.14950561523438,142.1122464318601,139.16813520692153,139.61957218353604,64452200
2021-10-12,138.8737335205078,140.58132357465212,138.41248818935148,140.56169197186182,73035900
2021-10-13,138.284912109375,138.7657740406363,136.60676207042818,138.6087661510849,78762700
2021-10-14,141.08180236816406,141.19957699805144,138.87371898295444,139.46254720881987,69907100
2021-10-15,142.14169311523438,142.20057294661328,140.83646861307787,141.09163451508613,67940300
2021-10-18,143.81985473632812,144.10444560236448,140.49300922542568,140.77760009146203,85589200
2021-10-19,145.98866271972656,146.39102819802582,143.81984241142754,144.27126443259647,76378900
2021-10-20,146.47933959960938,146.96021648343887,145.36057794956784,145.92977457496073,58418800
2021-10-21,146.6952362060547,146.852259056455,145.1152293383939,146.0377198663419,61421000
2021-10-22,145.91998291015625,147.38221538017035,145.87091138995885,146.90135341600217,58883400
2021-10-25,145.87088012695312,146.5872762498157,144.86987823265756,145.91012834998406,50720600
2021-10-26,146.53823852539062,148.02991078440542,146.23400111612685,146.54804683877686,60893400
2021-10-27,146.07696533203125,146.94056095534364,145.72367144878302,146.57745876058235,56094900
2021-10-28,149.72769165039062,150.3165049156438,146.9307799732344,147.02892300470535,100077900
2021-10-29,147.00929260253906,147.14668386300448,143.68244746206824,144.47735511008415,124953200
2021-11-01,146.1849365234375,146.911141011652,145.04654330331536,146.21437643649898,74588300
2021-11-02,147.22515869140625,148.74628546629128,145.88067136126526,145.89049464676475,69122000
2021-11-03,148.6678009033203,149.1388544822275,147.0289142026338,147.58828751986294,54511500
2021-11-04,148.1476593017578,149.59025979048718,147.8336136344687,148.75610406397846,60394600
2021-11-05,148.6783905029297,149.5825671827827,147.47937001529485,149.2779007467471,65463900
2021-11-08,147.8528594970703,148.9634314889483,147.577675905586,148.80617943770554,55020900
2021-11-09,148.21646118164062,148.82579400908614,147.47935921435865,147.6169509817295,56787900
2021-11-10,145.37619018554688,147.5481909989835,145.30740178680878,147.44008208978292,65187100
2021-11-11,145.32704162597656,146.86021155645847,145.14030669919578,146.3983080486063,41000000
2021-11-12,147.4105987548828,147.81353650941713,144.94375410603553,145.8774137755265,63804000
2021-11-15,147.42039489746094,149.26806864568343,146.86019019858912,147.78402707270035,59222800
2021-11-16,148.40322875976562,148.8848075498025,146.77177244711618,147.36146014934985,59256200
2021-11-17,150.8503875732422,152.33441420975052,148.39338089243975,148.40320352046666,88807000
2021-11-18,155.1550750732422,155.94132032182262,150.4179733193019,151.06662677410932,137827700
2021-11-19,157.78895568847656,158.25087409630834,153.8380851561955,154.9388192362829,117305600
2021-11-22,158.25091552734375,162.85042556306863,158.23125527180156,158.89955399642577,117467900
2021-11-23,158.6342010498047,159.0174935359154,156.3246085076116,158.34917984431854,96041900
2021-11-24,159.1550750732422,159.35163261820963,156.89462581516804,157.9855374355737,69463600
2021-11-26,154.11326599121094,157.69066668554564,153.67100784147934,156.82581063613492,76959800
2021-11-29,157.48431396484375,158.417973553797,156.05923801728514,156.6292653970327,88748200
2021-11-30,162.457275390625,162.6734931658107,157.1697925187928,157.23859590016,174048100
2021-12-01,161.93643188476562,167.37133051574247,161.70055379902215,164.59981924468755,152052500
2021-12-02,160.9437713623047,161.3762069674829,155.08627542774454,156.0101124031017,136739200
2021-12-03,159.05677795410156,162.12313243269475,156.97324112607134,161.19929553834072,118023100
2021-12-06,162.47695922851562,164.99293189077792,161.4548359617341,161.46465859062198,107497000
2021-12-07,168.2361602783203,168.62929035916358,165.44500418803963,166.17228359031526,120405400
2021-12-08,172.069091796875,172.93396293794615,167.76441134011625,169.16982694435688,116998900
2021-12-09,171.5580291748047,173.71036939014843,170.9290360750293,171.9020161028415,108923700
2021-12-10,176.36392211914062,176.54083438380087,171.68578718034047,172.19684872711986,115402700
2021-12-13,172.71774291992188,178.99785124666644,172.5113477652422,178.00521097357498,153237000
2021-12-14,171.33200073242188,174.68336162152622,169.24846375567876,172.23617743924208,139380400
2021-12-15,176.21653747558594,176.41309502787303,169.34674079975917,172.0985915209184,131063300
2021-12-16,169.29757690429688,178.02486912244925,167.81355032065514,176.19685561719783,150185800
2021-12-17,168.19683837890625,170.48677026390172,166.77177759111154,167.0076406202552,195432700
2021-12-20,166.8307342529297,167.6464621757935,164.58012299307805,165.38601329267868,107499100
2021-12-21,170.01504516601562,170.22142533588615,166.21158850394502,168.60962950115896,91185900
2021-12-22,172.6194610595703,172.8356788475582,169.18947432865244,170.06416810864746,92135300
2021-12-23,173.24844360351562,173.80864829178057,172.25581836202977,172.82584567773912,68356600
2021-12-27,177.22882080078125,177.3172694486978,174.02488925086175,174.0445345083678,74919600
2021-12-28,176.20669555664062,178.21162153170226,175.45977087759823,177.0617441326432,79144300
2021-12-29,176.29513549804688,177.5236387502155,175.07645487319965,176.2459923686846,62348900
2021-12-30,175.13543701171875,177.46468959324108,175.02732811556052,176.38360063165865,59773000
2021-12-31,174.51629638671875,176.1477376000055,174.21161492875567,175.02734303358918,64062300
2022-01-03,178.8798828125,179.73493120982582,174.6538439370769,174.77177544165573,104487900
2022-01-04,176.60964965820312,179.79393593953884,176.0396222685355,179.4892694890775,99310400
2022-01-05,171.911865234375,177.07157997213048,171.63668164807183,176.52121279952414,94537600
2022-01-06,169.04208374023438,172.28533602057317,168.68827412789958,169.73004270966848,96904000
2022-01-07,169.20913696289062,171.14525945761193,168.08874249862777,169.91675609783337,86709100
2022-01-10,169.22882080078125,169.53348727704656,165.27794924612078,166.1723034158152,106765600
2022-01-11,172.069091796875,172.1673630652104,167.88235785704865,169.35656184948618,76138300
2022-01-12,172.51136779785156,174.13298635832638,171.81358623406135,173.09121782891782,74805200
2022-01-13,169.22882080078125,173.58263011635788,168.83569067303486,172.75707934266197,84505800
2022-01-14,170.0936737060547,170.79145523828697,168.14771352583708,168.39341420548664,80440800
2022-01-18,166.87989807128906,169.57276781693594,166.4966056259258,168.56048225619764,90956700
2022-01-19,163.37130737304688,168.13790701368765,163.08630115574192,167.07647817629606,94815000
2022-01-20,161.68089294433594,166.7619819260812,161.35656620128222,164.10841720591074,91420500
2022-01-21,159.61700439453125,163.4695895238368,159.50889548799853,161.59243259966877,122848900
2022-01-24,158.84056091308594,159.50887451917274,152.0395683138979,157.26808565686596,162294600
2022-01-25,157.03221130371094,159.9609590965899,154.31968130054574,156.24596615896806,115798400
2022-01-26,156.94375610351562,161.56292551584528,155.1059199641222,160.6882317654177,108275300
2022-01-27,156.4818572998047,161.02240127110773,155.55802030212934,159.65630602886313,121954600
2022-01-28,167.40078735351562,167.42044760669708,160.00028414870977,162.86024363325143,179935700
2022-01-31,171.77423095703125,171.9904487208476,166.59485724513786,167.2336879096415,115541600
2022-02-01,171.60716247558594,171.83320287445497,169.34671349776292,171.01747491741384,86213900
2022-02-02,172.81602478027344,172.8553452866124,170.34919537896823,171.74477342641566,84914300
2022-02-03,169.92657470703125,173.20914700397037,169.1599898283705,171.47940471663034,89418100
2022-02-04,169.64120483398438,171.32394513354754,167.9584645344212,168.94251932550307,82465400
2022-02-07,168.92282104492188,171.1762995362128,168.22413565223508,170.10368359541656,77251200
2022-02-08,172.04232788085938,172.5540406567285,168.69653205769893,168.9917515443729,74829200
2022-02-09,173.46917724609375,173.83327271357754,172.11117683042102,173.24284884864312,71285000
2022-02-10,169.37551879882812,172.68194375053233,168.8146153330359,171.36331383328056,90865900
2022-02-11,165.9510040283203,170.32020982591467,165.36056513089437,169.5821687118747,98670700
2022-02-14,166.1871795654297,166.87601492289843,163.90416522012222,164.70124720629926,86185500
2022-02-15,170.0348358154297,170.192288199675,167.53534303134987,168.24386374496802,62527400
2022-02-16,169.79864501953125,170.57604164188683,167.3385082183659,169.10980971830162,61177400
2022-02-17,166.1871795654297,169.1688644106395,165.78371349338204,168.30289138097328,69589300
2022-02-18,164.63233947753906,167.8206668083193,163.54003825835056,167.11216130240948,82772700
2022-02-22,161.6998748779297,164.03207970283808,159.5644629736706,162.3493395656181,91162800
2022-02-23,157.51766967773438,163.50071005203375,157.20276491304196,162.90043598288878,90009200
2022-02-24,160.14508056640625,160.25332719300383,149.57632680623354,150.14708038143124,141147500
2022-02-25,162.22145080566406,162.48713480856267,158.30490162446958,161.22754578023935,91974200
2022-02-28,162.48712158203125,162.78234102115098,159.84001180321536,160.4599711238184,95056600
2022-03-01,160.59774780273438,163.94354328714707,159.3873645469528,162.07383007117033,83474400
2022-03-02,163.9041748046875,164.69142169446647,160.35173616541616,161.7687775639212,79724800
2022-03-03,163.57945251464844,166.21672762708047,162.91030234634437,165.78374104030155,76678400
2022-03-04,160.56822204589844,162.9102773059474,159.51529120397137,161.86718160657645,83737200
2022-03-07,156.75994873046875,162.3887439653584,156.50408484630077,160.75520922600182,96418800
2022-03-08,154.9296112060547,160.28287244930655,153.31576171497022,156.28761181988324,131148300
2022-03-09,160.3517303466797,160.80440217190915,156.8681828813347,158.9051685561548,91454900
2022-03-10,155.99237060546875,157.83254827067594,153.49286301272676,157.64557545679153,105342000
2022-03-11,152.26278686523438,156.7402389691296,152.03645847766137,156.39581380133617,96970100
2022-03-14,148.2183380126953,151.66253001815127,147.70664029732,149.035105347276,108732100
2022-03-15,152.61705017089844,153.089407270085,147.98216062819657,148.49385829575584,92964300
2022-03-16,157.04531860351562,157.44878471807237,151.99712715402308,154.54582575293017,102300200
2022-03-17,158.05889892578125,158.43284460620507,155.11658427872035,156.0809539111175,75615400
2022-03-18,161.36532592773438,161.8573534009996,157.21261285213674,157.9506540620346,123511700
2022-03-21,162.7429656982422,163.69749992685104,160.410745925995,160.902773259691,95811400
2022-03-22,166.128173828125,166.71859782423698,162.28051513918757,162.87093913529952,81532000
2022-03-23,167.4959716796875,169.88721760148997,164.9767788153055,165.3113688542094,98062700
2022-03-24,171.29444885253906,171.36332488957797,167.49599622256298,168.33243390367338,90131400
2022-03-25,171.93408203125,172.48515040066314,169.99549257889427,171.10747947713025,80546200
2022-03-28,172.80001831054688,172.92793521618862,169.2574152411662,169.42470274506977,90371900
2022-03-29,176.10646057128906,176.15565130084448,173.52822668291532,173.8726518827145,100589400
2022-03-30,174.93544006347656,176.74609743731983,173.88249413539714,175.7030016679424,92633200
2022-03-31,171.8258056640625,175.19127120838715,171.6191475535364,175.0042983977884,103049300
2022-04-01,171.53060913085938,172.09152763755276,169.19840379678678,171.2550749570232,78751300
2022-04-04,175.5947723388672,175.64397809076996,171.6585524344424,171.78648438629216,76468400
2022-04-05,172.2686309814453,175.4569739407951,171.638836509714,174.66972709725982,73401800
2022-04-06,169.09010314941406,170.8614044265347,167.41721333815406,169.61165088441604,89058800
2022-04-07,169.3951873779297,170.5957353976524,167.14170856316215,168.43081790840108,77594700
2022-04-08,167.37789916992188,169.04095440141643,166.50209088425444,169.04095440141643,76575500
2022-04-11,163.10707092285156,166.33476922464124,162.8610572412183,166.0198795202021,72246700
2022-04-12,164.9866485595703,167.1614014854587,163.98290835466773,165.34090892509556,79265200
2022-04-13,167.6829376220703,168.3127321148904,164.11082878699807,164.72093797881234,70618900
2022-04-14,162.65443420410156,168.53909354843174,162.40842046943686,167.89944882901148,75329400
2022-04-18,162.43792724609375,163.94352983512067,160.96184509877446,161.30625525719185,69023900
2022-04-19,164.7307891845703,165.14410546856962,161.2964470906838,162.38874866299832,67723800
2022-04-20,164.56346130371094,166.18716054853425,163.4514897165709,166.0690637754216,67929800
2022-04-21,163.76641845703125,168.79493971335873,163.26455585195845,166.21672062047585,87227800
2022-04-22,159.21022033691406,165.1932753547798,158.92485105020066,163.80576949112535,84882400
2022-04-25,160.28285217285156,160.5682214607871,155.9333317168137,158.55090609825874,96046400
2022-04-26,154.29978942871094,159.75144619433357,154.22106324602348,159.66288486961668,95623200
2022-04-27,154.07347106933594,157.24211378977282,152.9024434257798,153.42399128149194,88063200
2022-04-28,161.03073120117188,161.89670425341123,156.3958263617354,156.71073111363518,130216800
2022-04-29,155.13624572753906,163.54991794930683,154.7426297819827,159.25943807460507,131747600
2022-05-02,155.44129943847656,155.70698341755673,150.8260801242461,154.21123096519486,123055300
2022-05-03,156.9370574951172,158.14745572719883,153.8274556953841,155.6282627909498,88966500
2022-05-04,163.37277221679688,163.82542898874118,156.7205525613251,157.12401860863298,108256500
2022-05-05,154.270263671875,161.46370131983915,152.479276862281,161.23737293708814,130525300
2022-05-06,154.99954223632812,157.12822726592017,151.94448418251287,153.74795219056614,116124600
2022-05-09,149.85523986816406,153.5705818622736,149.29351226682695,152.68362217522588,131577900
2022-05-10,152.2696990966797,154.46737635991622,150.71260627459526,153.26506437118704,115366700
2022-05-11,144.37583923339844,153.19606667734942,143.69584140711092,151.2743434971103,142689800
2022-05-12,140.49298095703125,144.08020299470905,136.78750364436277,140.6999427258126,182602000
2022-05-13,144.9770050048828,145.95265608735048,141.03500230205145,142.49353909158592,113990900
2022-05-16,143.4297637939453,145.38106598701418,142.08948225415682,143.43962842487466,86643800
2022-05-17,147.0761260986328,147.5984402531948,144.5532317399834,146.7016310302499,78336300
2022-05-18,138.7781982421875,145.22336538861344,137.87152447980347,144.72076550868903,109742900
2022-05-19,135.35850524902344,139.6060101724561,134.61937984366847,137.85182041341724,136095600
2022-05-20,135.5950469970703,138.65995498562737,130.68725738522548,137.07329814838306,137426100
2022-05-23,141.0350341796875,141.18285329943592,135.65419265759,135.79216218187196,117726300
2022-05-24,138.3248748779297,139.91153156082976,135.3388090457555,138.76834717267448,104132700
2022-05-25,138.4825439453125,139.7341188389118,136.33414488879876,136.42283633085628,92482700
2022-05-26,141.69528198242188,142.2471599393567,135.1515582804655,135.3979334424933,90601500
2022-05-27,147.47032165527344,147.50973506608682,143.15382385017716,143.28194375102797,90978500
2022-05-31,146.68191528320312,148.47553371046925,144.71091395436392,146.9085912630533,103718400
2022-06-01,146.55381774902344,149.53988370849348,145.53873817938137,147.72655096677192,74286600
2022-06-02,149.01754760742188,149.07667523553576,144.73061411862278,145.68655087325112,72348100
2022-06-03,143.2720947265625,145.82453789756687,142.3654358987846,144.770044944171,88570300
2022-06-06,144.0210723876953,146.4158469197131,142.79904610031343,144.89816741340283,71598400
2022-06-07,146.55381774902344,146.83960633947197,142.0106588574211,142.25703403584302,67808200
2022-06-08,145.81468200683594,147.69697680968412,145.32193168448424,146.42568759453718,53950200
2022-06-09,140.57180786132812,145.80481374848975,140.4634021916062,144.94743302094574,69473000
2022-06-10,135.1417236328125,138.7190811555441,135.07273136179253,138.24604500265073,91437900
2022-06-13,129.9678497314453,133.23970455320375,129.53422697538784,130.94348589502584,122207100
2022-06-14,130.8350830078125,131.9487037426672,129.5736431654767,131.1997285355144,84784300
2022-06-15,133.4663543701172,135.34866434133303,130.24377786500034,132.3428841585756,91533000
2022-06-16,128.1741943359375,130.470412336112,127.16897960199907,130.16490958303865,108123900
2022-06-17,129.65248107910156,131.15044648524733,127.92785470255139,128.18409453109854,134520300
2022-06-21,133.8999786376953,135.07272690596213,131.3869638200352,131.48550486996535,81000500
2022-06-22,133.38754272460938,135.76258828513818,131.9684191301138,132.83564963087838,73409200
2022-06-23,136.2651824951172,136.58053489148253,133.66346131552876,134.83620952437622,72433800
2022-06-24,139.6060333251953,139.85240850117333,137.7434375963034,137.87154246227976,89116800
2022-06-27,139.6060333251953,141.4095014178601,138.9260354334884,140.63094744074303,70207900
2022-06-28,135.44720458984375,141.34049395514106,135.328949330103,140.06920480029078,67083400
2022-06-29,137.2112579345703,138.63038134531047,134.6883785543866,135.46693252662052,66242400
2022-06-30,134.73765563964844,136.36372576433453,131.8304316095035,135.25996980273172,98964500
2022-07-01,136.91558837890625,137.02399404422195,133.69301230892643,134.06749230384347,71051600
2022-07-05,139.50747680664062,139.5567548491927,134.94460374967946,135.77243576693132,73353800
2022-07-06,140.84774780273438,142.03034554759492,139.03443025811183,139.30051963790794,74064300
2022-07-07,144.22804260253906,144.42513974752345,141.20254804373226,141.2123976378396,66253700
2022-07-08,144.9080352783203,145.41065032513728,142.89762020370028,143.1538450057202,64547800
2022-07-11,142.76947021484375,144.51381052529135,141.6952781464939,143.5578737194986,63141600
2022-07-12,143.74513244628906,146.29757564571045,142.946879286725,143.6465763614465,77588800
2022-07-13,143.3804931640625,144.32656535504097,140.05934579014044,140.91674157030096,71185600
2022-07-14,146.31727600097656,146.79031208077845,141.17296164080028,141.9909289473083,78140700
2022-07-15,147.99261474609375,148.67261252680902,146.05117747327142,147.60827013580402,76259900
2022-07-18,144.93759155273438,149.37234459214557,144.5729460772953,148.55437722703743,81420900
2022-07-19,148.81060791015625,149.0372688640094,144.77991359630315,145.77526390456921,82982400
2022-07-20,150.8209991455078,151.49114734609626,148.18971445377295,148.92883987406518,64823400
2022-07-21,153.09754943847656,153.31436080918664,149.73698823001865,152.25986777550145,65086600
2022-07-22,151.85580444335938,154.01405345612082,151.1856711624816,153.13695840464973,66675400
2022-07-25,150.73233032226562,152.7920231935369,150.07204665223094,151.7769586670234,53623900
2022-07-26,149.4019012451172,150.87028755705626,148.61349773507445,150.05232023117222,55138700
2022-07-27,154.5166473388672,155.04882613514658,149.95378934695273,150.36769783431046,78620700
2022-07-28,155.06854248046875,155.3543310693815,152.17116799178928,154.70389699283152,81378700
2022-07-29,160.15371704101562,161.257488076031,157.1873652790473,158.90214195015406,101786900
2022-08-01,159.16819763183594,161.21804069901455,158.5571920674769,158.67544732830873,67829400
2022-08-02,157.68995666503906,160.05516729364513,157.31547663627524,157.77866315380257,59907000
2022-08-03,163.7212371826172,164.17455908657996,158.41923856963987,158.50793002421338,82507500
2022-08-04,163.40585327148438,164.76584892141557,162.04585762155315,163.60295038541236,55474100
2022-08-05,163.17889404296875,163.6723288419394,160.85974446443265,161.06699370571175,56697000
2022-08-08,162.7052001953125,165.60659947941937,162.04399931317954,164.18550472324978,60276900
2022-08-09,162.75453186035156,163.6427235312398,161.10646144310655,161.86635524789833,63135500
2022-08-10,167.017822265625,167.11650019395563,164.7085358778416,165.4782929876242,70170500
2022-08-11,166.27764892578125,168.7448226972921,165.98158506151321,167.82702622390457,57149200
2022-08-12,169.84024047851562,169.90931351048877,167.17568088366417,167.59017930923486,68039400
2022-08-15,170.9159698486328,171.11334078167582,169.10013317113808,169.26789921714646,54091700
2022-08-16,170.75802612304688,171.4291052045612,169.406019744618,170.51130875130826,56377100
2022-08-17,172.25807189941406,173.83705404292962,170.30407453228813,170.5014454179234,79542000
2022-08-18,171.8633270263672,172.60347919281742,170.84685258911696,171.46858522763415,62290100
2022-08-19,169.26785278320312,171.45870417338608,169.06060357237703,170.75802023609415,70346300
2022-08-22,165.36973571777344,167.62966033417896,164.94537398602955,167.4618943197239,69026800
2022-08-23,165.03419494628906,166.49477276056035,164.46180878530728,164.88617053329148,54147100
2022-08-24,165.33026123046875,165.90264739975865,164.06706935977206,165.12302704926418,53841500
2022-08-25,167.79742431640625,167.9059805666135,166.13949074062336,166.56383740879377,51218200
2022-08-26,161.47158813476562,168.80403659370677,161.41237837214825,168.33034343433388,78961000
2022-08-29,159.26101684570312,160.76104775775735,157.72150271792214,159.0340260013609,73314000
2022-08-30,156.8234405517578,160.4255083111715,155.64906340226676,160.00116164152158,77906200
2022-08-31,155.1556396484375,158.47152210531658,155.07668827346,158.20506309707196,87991100
2022-09-01,155.8859405517578,156.33989216971713,152.6391308869704,154.5832653521816,74229900
2022-09-02,153.76414489746094,158.2544044411162,152.93517807481416,157.65241340262483,76957800
2022-09-06,152.50094604492188,155.0273296121399,151.6719792603848,154.4154753271388,73714800
2022-09-07,153.91217041015625,154.61283930679346,151.59302111354978,152.787139807606,87449600
2022-09-08,152.431884765625,154.30693097885487,150.6752430270464,152.60951406525444,84923800
2022-09-09,155.30368041992188,155.74778383324283,152.71808661547112,153.4286340066607,68028800
2022-09-12,161.28407287597656,162.10317635640433,157.2083121383532,157.49449766359504,104956000
2022-09-13,151.82000732421875,158.4320302699307,151.35617743298022,157.80043436290458,122656600
2022-09-14,153.2707061767578,155.0372110898694,151.59303096684667,152.75752979849568,87965400
2022-09-15,150.3693389892578,153.20166541150382,149.39234757415474,152.61940081458968,90481100
2022-09-16,148.7212371826172,149.36271142090462,146.4218293394224,149.22455028716234,162278800
2022-09-19,152.4516143798828,152.530565756339,147.142266074514,147.34950026158054,81474200
2022-09-20,154.83982849121094,156.00434240653766,151.06999458899193,151.3857850189289,107689800
2022-09-21,151.7015838623047,156.65567307047792,151.58316433856976,155.2740467070239,101696800
2022-09-22,150.7344512939453,152.44173129494766,148.92847832058902,150.37917767527796,86652500
2022-09-23,148.45477294921875,149.4811256708757,146.60933178685332,149.20480341314504,96029900
2022-09-26,148.7903289794922,151.750937683408,147.67516154898482,147.69490315670595,93339400
2022-09-27,149.76731872558594,152.68845924345578,147.98108723466274,150.7344617346572,84442700
2022-09-28,147.87252807617188,148.6620267188795,142.93818038229188,145.7014181025515,146691400
2022-09-29,140.6091766357422,144.79350916804302,138.83280834097133,144.18165483368003,128138200
2022-09-30,136.38536071777344,141.22103026133098,136.1879898311541,139.42492055869818,124925300
2022-10-03,140.5795440673828,141.1914133396826,135.8820511093635,136.395227417554,114311700
2022-10-04,144.18165588378906,144.30007541815792,142.36580435900075,143.12569817421627,87830100
2022-10-05,144.47769165039062,145.44483462169993,141.13220458118386,142.17829892107557,79471000
2022-10-06,143.52044677734375,145.60274235287363,143.31321258240413,143.895462065149,68402200
2022-10-07,138.2505645751953,141.22105183590455,137.61896860646343,140.6683921871329,85925600
2022-10-10,138.5762481689453,140.02694790278036,136.750548170711,138.5762481689453,74899000
2022-10-11,137.15513610839844,139.49402735669463,136.40512061529776,138.063054355342,77033700
2022-10-12,136.5235595703125,138.5170407104307,136.34593024080016,137.30319511678357,70433700
2022-10-13,141.11248779296875,141.7046005106399,132.6056617056489,133.21753108987443,113224000
2022-10-14,136.56300354003906,142.62238154840435,136.37549592938134,142.41513233177395,88598000
2022-10-17,140.54010009765625,141.02365655306738,138.4281998048671,139.21769847828358,85250900
2022-10-18,141.86251831054688,144.77378089201514,138.7637480781357,143.5796769966995,99136600
2022-10-19,141.97105407714844,143.0467382727137,139.6420413366173,139.82954896048238,61758300
2022-10-20,141.50723266601562,143.97440668910568,140.77694373414428,141.14209572929755,64522000
2022-10-21,145.33627319335938,145.90865930136042,140.77692593540152,140.99403842665825,86548600
2022-10-24,147.48765563964844,148.2574127069579,144.08295860217441,145.25733581108966,75981900
2022-10-25,150.33970642089844,150.4877458912043,147.39883932372416,148.11924989222194,74732300
2022-10-26,147.3889923095703,149.9943276549768,146.09618038338365,148.9778530921607,88194300
2022-10-27,142.8987274169922,147.09292340264514,142.23752656273683,146.12579536819774,109180200
2022-10-28,153.69505310058594,155.43193790631275,145.87904888716614,146.2540490373011,164762400
2022-10-31,151.32659912109375,152.21479090339474,149.92524592690708,151.1489697996957,97943200
2022-11-01,148.67190551757812,153.4088828100258,147.17187450407766,153.04374586124993,80379300
2022-11-02,143.1256866455078,150.1719344831505,143.09608176430027,146.9942133937789,93604600
2022-11-03,137.0564727783203,140.9250003088778,136.9281748948541,140.19471128840124,97918500
2022-11-04,136.78953552246094,141.0302218087603,132.835509487029,140.4568862236132,140814800
2022-11-07,137.32333374023438,137.55068603269024,134.11068732115655,135.5341392248018,83374600
2022-11-08,137.8966827392578,139.80449340378325,135.90978972981833,138.79622744381308,89908500
2022-11-09,133.3198699951172,136.95758184489978,133.04308937521566,136.90815350204326,74917800
2022-11-10,145.18194580078125,145.18194580078125,137.89665767367404,139.61666442522355,118854000
2022-11-11,147.97946166992188,148.28589635779667,142.71071873245964,144.14406562748653,93979700
2022-11-14,146.57577514648438,148.55278858529147,145.73553840162515,147.2578471962193,73374100
2022-11-15,148.3155517578125,151.82475387007386,146.85256593568872,150.47050439791028,89868300
2022-11-16,147.0799102783203,148.14749936078283,145.59715017769167,147.4160140311921,64218300
2022-11-17,148.9877471923828,149.73900693584756,144.4702638433015,144.74704454265256,80389400
2022-11-18,149.55117797851562,150.9449761011956,148.24635692578445,150.55945907613687,74829600
2022-11-21,146.30885314941406,148.64172927634687,146.0221928785554,148.4341513417214,58724100
2022-11-22,148.4539031982422,148.6911501950918,145.24125698087363,146.42747688170903,51804100
2022-11-23,149.33370971679688,150.08496935516192,147.62358231947215,147.73231865639212,58301400
2022-11-25,146.40773010253906,147.16888449613631,145.42910302505686,146.6054284287757,35195900
2022-11-28,142.56243896484375,144.95462339373816,141.73209694821898,143.47186332830165,69246000
2022-11-29,139.54750061035156,143.1456646936347,138.73693289245665,142.6316369436181,83763800
2022-11-30,146.32864379882812,147.01071582680532,138.9346179969114,139.7748396315525,111380900
2022-12-01,146.6054229736328,147.41600568948158,144.92496463802757,146.5065813559001,71250400
2022-12-02,146.11117553710938,146.2989942268281,143.97599740675216,144.2824471593233,65447400
2022-12-05,144.94471740722656,149.1854037867597,144.09460118758193,146.0716142487636,68826400
2022-12-06,141.26748657226562,145.60703008872727,140.28885957535718,145.3796777864446,64727200
2022-12-07,139.32012939453125,141.72219330934035,138.39093073198447,140.55576270463825,69721100
2022-12-08,141.01046752929688,141.87047857115377,139.47829428917862,140.7238072376209,62128300
2022-12-09,140.526123046875,143.89693468072133,139.28059488984613,140.70404702164143,76097000
2022-12-12,142.82933044433594,142.83921008074833,139.4387448115005,141.0598951045821,70462700
2022-12-13,143.79806518554688,148.24634516014598,142.58220621584587,147.78174582279246,93886200
2022-12-14,141.5640411376953,144.9743859949628,139.5375995292449,143.67944472283807,82291200
2022-12-15,134.93115234375,140.17024039649047,134.46655303010576,139.48816842184618,98931900
2022-12-16,132.96400451660156,136.06791433800984,132.19297064961182,135.11895654021274,160156900
2022-12-19,130.8486328125,133.64610870665976,129.81071279854106,133.55714671976315,79592600
2022-12-20,130.77944946289062,131.71852788327385,128.3971445130494,129.87990467683858,77432800
2022-12-21,133.8932342529297,135.23760401600552,131.2242690848365,131.45162141055363,85928000
2022-12-22,130.7102508544922,133.01347352460496,128.80243995719394,132.80589554186707,77852100
2022-12-23,130.344482421875,130.89804371107982,128.14999653723166,129.41528379353238,63814900
2022-12-27,128.53549194335938,129.8996356652832,127.2405509126804,129.8699816785815,69007800
2022-12-28,124.59138488769531,129.52403118980348,124.4233405593597,128.17966147970347,85438400
2022-12-29,128.12034606933594,128.9803420184741,126.26195630324504,126.51896259932623,75703700
2022-12-30,128.43666076660156,128.45643512279935,125.9654017030859,126.93414153068441,77034200
2023-01-03,123.63253021240234,129.39551842727084,122.74287269172645,128.78264911213327,112117500
2023-01-04,124.90770721435547,127.18127564102066,123.64241984503863,125.43161455867813,89113600
2023-01-05,123.5831069946289,126.30150047855705,123.32610067708713,125.66885678017948,80962700
2023-01-06,128.13023376464844,128.79253144434853,123.45460129199294,124.5617315121944,87754700
2023-01-09,128.65414428710938,131.87668586554148,128.3971379685157,128.97047367930062,70790800
2023-01-10,129.22747802734375,129.75138537718297,126.64747490986099,128.76287866678214,63896200
2023-01-11,131.9557647705078,131.9755240444425,128.9605906771462,129.74150433319187,69458900
2023-01-12,131.87667846679688,132.71690008626126,129.92931912019301,132.34127780837738,71379600
2023-01-13,133.21116638183594,133.36933108444634,130.14680445669435,130.51254713349172,57809700
2023-01-17,134.37759399414062,135.7120688975574,132.5883994032112,133.28035102906594,63646600
2023-01-18,133.65597534179688,137.01689153014115,133.47803632197883,135.24747146776636,69672800
2023-01-19,133.71530151367188,134.68403382720132,132.23254150823482,132.53897616267878,58280400
2023-01-20,136.28541564941406,136.43370070636414,132.67737218152695,133.72518688361293,80223600
2023-01-23,139.4881591796875,141.67276528101772,136.3150465332765,136.5325191798673,81760300
2023-01-24,140.89183044433594,141.51459436693844,138.68746516946817,138.69734480445425,66435100
2023-01-25,140.2295684814453,140.79300948686725,137.21461987031523,139.2707157250627,65799300
2023-01-26,142.30543518066406,142.59209549504305,140.26909865118563,141.52450641893512,54105100
2023-01-27,144.25277709960938,145.53783884062292,141.43554202324185,141.51462437013356,70555800
2023-01-30,141.35646057128906,143.8771557170406,141.20819059706298,143.29394037386407,64015300
2023-01-31,142.63160705566406,142.68103540109175,140.64471427014323,141.05988522159177,65874500
2023-02-01,143.75852966308594,144.9249754734958,139.69578139358237,142.31531825228282,77663600
2023-02-02,149.0865936279297,149.44244157391893,146.46704171932092,147.18864741549214,118339000
2023-02-03,152.72425842285156,155.57116204732878,146.13092169771272,146.32861998643196,154357300
2023-02-06,149.98611450195312,151.3403789118004,149.04703617157855,150.81647157748358,69858300
2023-02-07,152.87254333496094,153.44587898676582,148.90863720361276,148.90863720361276,83322600
2023-02-08,150.17391967773438,152.80335083301824,149.43253973358082,152.11139923515765,64120100
2023-02-09,149.135986328125,152.55622581029445,148.69116137357645,152.0125441621068,56007100
2023-02-10,149.50230407714844,149.8290111554016,147.73018216274517,147.9677914305051,57450700
2023-02-13,152.31396484375,152.71985991539307,149.41321016170093,149.44290943263957,62199000
2023-02-14,151.67044067382812,152.23475701699866,149.35380697400552,150.60122163396125,61707600
2023-02-15,153.7791748046875,153.94747569846558,151.3536388197947,151.58133825179516,65573800
2023-02-16,152.17535400390625,154.76919088525318,151.8189476677602,151.97733873436857,68167900
2023-02-17,151.02694702148438,151.47245120963535,149.34392280711089,150.8289468385779,59144100
2023-02-21,146.99755859375,149.7894107206676,146.92826533516197,148.70038717333577,58867200
2023-02-22,147.4232635498047,148.45287338487984,145.6907358158214,147.383654456277,51011300
2023-02-23,147.9083709716797,148.83898834448985,145.7699480861059,148.591484366889,48394200
2023-02-24,145.24525451660156,145.72045796846467,144.26513323484133,145.64125487541327,55469600
2023-02-27,146.4431610107422,147.6806809778149,145.97785229460726,146.23526611588312,44998500
2023-02-28,145.93826293945312,147.59158785522064,145.36405184371336,145.58185657335414,50547000
2023-03-01,143.8592071533203,145.76003585720164,143.5621993638043,145.36403554214274,55479000
2023-03-02,144.45323181152344,145.24524759786468,142.46329007120497,142.93850860687647,52238100
2023-03-03,149.52210998535156,149.6013130753249,145.85905393614254,146.56195681168307,70732300
2023-03-06,152.29417419433594,154.73951510110595,151.92787308169673,152.25456509183923,87558000
2023-03-07,150.08642578125,152.49215731620518,149.62111707090608,152.16545023619062,56182000
2023-03-08,151.34376525878906,151.93778099624427,150.31415510117412,151.2843667063331,47204800
2023-03-09,149.08648681640625,152.99704649679572,148.73008049756518,152.02683517023416,53833600
2023-03-10,147.0173797607422,149.43302127956616,146.1362661024609,148.7103138108838,68572400
2023-03-13,148.9676971435547,151.6110378452132,146.2253488070177,146.33425116280637,84457100
2023-03-14,151.0665283203125,151.86843881288326,148.60139830336453,149.7696098588517,73695900
2023-03-15,151.46255493164062,151.71995365613,148.42319852737018,149.68052309089944,77167900
2023-03-16,154.29397583007812,154.89788610113325,150.1260024664939,150.64081493684654,76161100
2023-03-17,153.45245361328125,155.17508659538842,152.7396410073364,154.52167252219854,98944600
2023-03-20,155.8284912109375,156.24431116818113,152.61093964757077,153.52176753764005,73641400
2023-03-21,157.68975830078125,157.80855539502778,154.97710883273007,155.7493352646716,73938300
2023-03-22,156.2542266845703,160.5211932163919,156.23442213481738,157.70955140928402,75701800
2023-03-23,157.34323120117188,159.9370833205621,156.10571123599644,157.24423866782476,67622100
2023-03-24,158.65005493164062,158.73915274100096,156.27402271003157,157.27393337455686,59196500
2023-03-27,156.69972229003906,159.1648674270664,156.29381212775743,158.34315238139064,52390300
2023-03-28,156.07601928710938,156.90764422361815,154.4226943488484,156.39283166414998,45992200
2023-03-29,159.16485595703125,159.44205919265104,157.75903523168998,157.778824672489,51305700
2023-03-30,160.73898315429688,160.8478855082498,159.65986944195512,159.9172681392784,49501700
2023-03-31,163.25360107421875,163.3526086978247,160.29346346957524,160.81817064051347,68749800
2023-04-03,164.510986328125,164.629783435308,162.58045780416123,162.6299616343035,56976200
2023-04-04,163.97633361816406,165.1742443629799,163.461521135219,164.93665022196166,46278300
2023-04-05,162.125,163.40212898364032,160.1845772758085,163.0952264685397,51511700
2023-04-06,163.01605224609375,163.3130600930005,160.38260583340545,160.8083054990294,45390100
2023-04-10,160.4122772216797,160.4122772216797,158.48174921205518,159.80836691031573,47716900
2023-04-11,159.19456481933594,160.7389872555695,158.90745173956898,160.72909253457362,47644200
2023-04-12,158.50157165527344,160.44199460478865,158.18475927615913,159.61038476928212,50133100
2023-04-13,163.9070587158203,164.1446680117871,159.80839277568336,160.0163027979601,68445600
2023-04-14,163.56053161621094,164.6594498569072,162.18441013519882,162.9467114928456,49386500
2023-04-17,163.580322265625,163.73872843453088,162.39230621171848,163.4417206444433,41516200
2023-04-18,164.80795288085938,165.73857027099072,163.99613256812546,164.4416518212544,49923000
2023-04-19,165.9563751220703,166.48108235627174,163.8872303481945,164.14464415802902,47720200
2023-04-20,164.98614501953125,166.19396563576217,163.90703130539762,164.43173852810273,52456400
2023-04-21,163.3724365234375,164.78815208279067,162.8477292777316,163.40213579346278,58337300
2023-04-24,163.6793212890625,163.94662979672654,162.25369605677815,163.35261424779375,41949600
2023-04-25,162.13490295410156,164.64953661232676,162.09529385976796,163.54072367407858,48714100
2023-04-26,162.125,163.6298284131595,161.1745931859106,161.43199188421733,45498800
2023-04-27,166.72857666015625,166.8770729984066,163.54072434320634,163.54072434320634,64902300
2023-04-28,167.9859161376953,168.1542321598927,166.2038993325892,166.80780972743617,55209200
2023-05-01,167.8968048095703,168.74821914844807,166.95629265889536,167.5899022757501,52472900
2023-05-02,166.85728454589844,168.6492261368123,165.86726857821876,168.3918123170909,48425700
2023-05-03,165.77816772460938,169.21352427793394,165.4910697460863,167.8077034423993,65136000
2023-05-04,164.13473510742188,165.3722550253471,162.66951575440282,163.24372680909343,81235400
2023-05-05,171.83706665039062,172.55977402605672,169.055109287866,169.27291399392053,113316400
2023-05-08,171.7677764892578,172.11428813282294,170.3916548495959,170.7579559365768,55962800
2023-05-09,170.0550537109375,171.80737116626167,169.88675280256177,171.3222729910744,45326900
2023-05-10,171.8271484375,172.2924570953219,170.18371850163723,171.2925465255573,53724500
2023-05-11,172.01527404785156,172.84688383352895,170.4510470092042,172.11428168700377,49514700
2023-05-12,171.08338928222656,172.5605438773201,169.52690691086858,172.12433187191172,45497800
2023-05-15,170.5876922607422,171.71787100649163,169.99285497252012,171.6682987112497,37266700
2023-05-16,170.5876922607422,171.64846676768477,170.3200139683082,170.5083796138232,42110300
2023-05-17,171.20233154296875,171.4402543357864,168.9518826544196,170.23077817517168,57951600
2023-05-18,173.5419921875,173.73035780662187,171.09326939359272,171.50964938607018,65496700
2023-05-19,173.6510467529297,174.87044639396197,173.43294078431077,174.87044639396197,55772400
2023-05-22,172.69931030273438,173.20492646986477,171.95577135327312,172.48120433403864,43570900
2023-05-23,170.0820770263672,171.8864057178537,169.8044903241909,171.6385593675291,50747300
2023-05-24,170.35963439941406,170.93463964845503,169.05101376120967,169.61609547644804,45143500
2023-05-25,171.49974060058594,172.4018896852921,170.21093674442764,170.92473533776644,56058300
2023-05-26,173.91871643066406,174.2557989304357,171.61871039409903,171.82690796374212,54835000
2023-05-30,175.77261352539062,177.44805707235744,175.04890650518007,175.4355461600694,55964400
2023-05-31,175.72305297851562,177.80496826079084,175.23726871202743,175.80236562165695,99625300
2023-06-01,178.53858947753906,178.5683298287558,175.405808045758,176.1691790241155,68901800
2023-06-02,179.39117431640625,180.21402596420296,177.71573067078862,179.4704869589175,61945900
2023-06-05,178.03298950195312,183.35672418608127,176.50624753561252,181.05671795588958,121946500
2023-06-06,177.6661834716797,178.56833268525313,175.9015035496613,178.41963092679066,64848400
2023-06-07,176.28814697265625,179.64894264257165,175.79245430672572,176.90280103766142,61944600
2023-06-08,179.0144500732422,179.28211321134853,175.93124119908015,176.36743802214428,50214900
2023-06-09,179.40110778808594,180.66015634842165,179.0739487923587,179.93644924551378,48870700
2023-06-12,182.20672607421875,182.3058706706313,179.41102695801453,179.7084456199107,54274900
2023-06-13,181.7308349609375,182.5635949733869,180.86833459999627,181.2252339092373,54929100
2023-06-14,182.36532592773438,182.8015378873281,180.45195952819037,181.79032062893717,57462900
2023-06-15,184.40757751464844,184.91319370821412,182.19679249165128,182.37524971506843,65433200
2023-06-16,183.3269805908203,185.37915556544473,182.68258615200966,185.12138568804832,101235600
2023-06-20,183.41619873046875,184.4968202621219,182.82137659501507,182.82137659501507,49799100
2023-06-21,182.375244140625,183.81274978200145,181.01703601018858,183.30713360389032,49515700
2023-06-22,185.38906860351562,185.43864089866383,182.08775342754114,182.15715766621673,51245300
2023-06-23,185.07179260253906,185.94421646985703,183.41618103785228,183.95153754819322,53079300
2023-06-26,183.67396545410156,186.43001547826037,183.63430156934749,185.22052415803645,48088700
2023-06-27,186.43992614746094,186.767085127622,184.07051577054278,184.28862175731683,50730800
2023-06-28,187.61965942382812,188.26405378835105,185.9838798047539,186.311023626698,51216800
2023-06-29,187.95672607421875,188.43260188630063,187.3123317121149,187.4511250421375,46347300
2023-06-30,192.2989959716797,192.80459699760345,189.61233531862223,189.97915814355193,85069600
2023-07-03,190.80203247070312,192.20979786240994,190.1080506189076,192.11065327577057,31458200
2023-07-05,189.68174743652344,191.3175270975779,188.97785723169864,189.91968534956396,46920300
2023-07-06,190.1576385498047,190.36583614793244,187.57012195006965,188.20460802565435,45094300
2023-07-07,189.03736877441406,191.01023124936708,188.60117188700468,189.76109103858747,46778000
2023-07-10,186.9851837158203,188.3533002828443,185.42870151973196,187.62957811566648,59922200
2023-07-11,186.4597625732422,187.66925393721883,184.99251645839882,187.53046059023825,46638100
2023-07-12,188.13519287109375,190.04855924155865,186.84638895388292,188.0459566971953,60750200
2023-07-13,188.89854431152344,189.54295381895912,188.1450969456968,188.85889555641208,41342300
2023-07-14,189.04727172851562,189.53304086059518,187.99640569502964,188.59122781892412,41573900
2023-07-17,192.31884765625,192.64600663390738,190.15761974766676,190.24684079775338,50520200
2023-07-18,192.0610809326172,192.65591819761897,190.76236853561463,191.6843647836334,48353800
2023-07-19,193.4192657470703,196.52229125160747,190.99035981508428,191.43649527350667,80507300
2023-07-20,191.46624755859375,194.777470825343,190.84166997972974,193.40935427253197,59581200
2023-07-21,190.2864990234375,193.29039530573385,189.58260879656223,192.42789492586837,71917800
2023-07-24,191.0895233154297,193.230919269526,190.5938306479448,191.7438412670713,45377800
2023-07-25,191.95201110839844,192.76495429080137,191.25804444496833,191.6645160361698,37283200
2023-07-26,192.82444763183594,193.95462630849192,191.6546201978147,192.0015959886147,47471900
2023-07-27,191.5554656982422,195.50117489112708,190.89123937354253,194.33134751765755,47460200
2023-07-28,194.14300537109375,194.93611671931453,192.46756161890426,192.99299467254062,48291400
2023-07-31,194.7576446533203,194.7973085377491,193.57789369266726,194.37100498050742,38824100
2023-08-01,193.9248809814453,195.0352276872512,193.59772201405482,194.54945856713078,35175100
2023-08-02,190.92098999023438,193.4985827896997,190.1972829299724,193.3597894476311,50389300
2023-08-03,189.52313232421875,190.71279169853844,189.04727159995883,189.91969553388512,61235200
2023-08-04,180.42221069335938,185.7657766923876,180.3528064633521,183.92179948550063,115799700
2023-08-07,177.30926513671875,181.55239296699656,175.8221872019764,180.5610076771683,97576100
2023-08-08,178.25108337402344,178.71703568412062,176.05020675575068,178.14203038384454,67823000
2023-08-09,176.65493774414062,179.37132361114365,175.48509529864398,179.31184291731705,60378500
2023-08-10,176.43682861328125,179.19287831156532,176.07002092304583,177.93381484794008,54686900
2023-08-11,176.49639892578125,177.32036168980022,175.26543082107975,176.02983256684112,51988100
2023-08-14,178.15428161621094,178.38260392804418,176.01991561712387,176.67511718788185,43675600
2023-08-15,176.15887451171875,178.174103062697,175.76179096239193,177.57847773870674,43622600
2023-08-16,175.28529357910156,177.24094603057796,175.2157956243564,175.84121662599503,46964900
2023-08-17,172.73399353027344,176.218449670705,172.21777275650916,175.85114660071363,66062900
2023-08-18,173.22044372558594,173.8260060676773,170.70885281849434,171.04637539663875,61114200
2023-08-21,174.5605926513672,174.84849110751958,172.47588124297116,173.79620604217206,46311900
2023-08-22,175.94049072265625,176.38721354501158,174.96762533098521,175.77172944077836,42084200
2023-08-23,179.80218505859375,180.2290643006026,177.032491470534,177.2211114741355,52722800
2023-08-24,175.0966796875,179.78233860000068,174.72936147404116,179.355459364837,54945800
2023-08-25,177.31045532226562,177.84651968096887,174.54076169805765,176.08940889849805,51449600
2023-08-28,178.87893676757812,179.27602030133252,177.25087004275977,178.7796583102566,43820700
2023-08-29,182.7803497314453,183.55467328918405,178.19396940518234,178.39251118833664,53003900
2023-08-30,186.28468322753906,186.48324017846022,183.39586742396716,183.59440922711968,60813900
2023-08-31,186.5030517578125,187.7439567493299,186.1158900063697,186.47327124983738,60794500
2023-09-01,188.08148193359375,188.53812645740896,186.9100598225275,188.1112624395919,45732600
2023-09-05,188.31976318359375,188.59772472633045,186.24497340110617,186.91009674606673,45280000
2023-09-06,181.5791473388672,187.4759302206488,180.1496223799182,187.02919231015284,81755800
2023-09-07,176.26808166503906,176.91336139268128,172.27732670257566,173.90539355501954,112488800
2023-09-08,176.88357543945312,178.9285998393183,176.4964136407334,177.05235186894313,65551300
2023-09-11,178.05499267578125,178.98815574028976,176.04968578063105,178.75983344187836,58953100
2023-09-12,175.0172576904297,178.81939272059032,173.5480302988034,178.18404991763566,90370200
2023-09-13,172.9424591064453,176.00997270905043,172.71412167424248,175.22571224634177,84267900
2023-09-14,174.46133422851562,174.81871550108795,172.3170465930817,172.73398888645488,60895800
2023-09-15,173.73663330078125,175.2157976120051,172.55530438661506,175.1959388893145,109205100
2023-09-18,176.67510986328125,178.07485448429676,174.8882034479176,175.19594549627539,67257600
2023-09-19,177.76712036132812,178.3230434602776,175.84123309156146,176.22839490317045,51826900
2023-09-20,174.21316528320312,178.39252544188162,174.12380859804207,177.95572439538154,58436200
2023-09-21,172.66448974609375,175.01725608596104,172.59500693822505,173.27998896827123,63047900
2023-09-22,173.5182342529297,175.79158086544706,172.7836281326413,173.39911221131908,56725400
2023-09-25,174.79884338378906,175.6823671360894,172.88287819083024,172.93251742028295,46172700
2023-09-26,170.70883178710938,173.92524796713502,170.41101154694528,173.54802313417602,64588900
2023-09-27,169.18995666503906,171.78096710415326,167.8200077433672,171.36402481079512,66921800
2023-09-28,169.4480743408203,170.77832096236608,166.40040416763804,168.1078907839796,56294400
2023-09-29,169.9643096923828,171.81077723148027,169.10062937476448,170.76841383641792,51814200
2023-10-02,172.48580932617188,173.03181060107437,169.6863201427267,169.97421860938772,52164500
2023-10-03,171.1456298828125,172.366691440067,169.57713912474932,171.0066491138284,49594600
2023-10-04,172.39645385742188,172.9424550881848,169.72602386786275,169.84514590084152,53020300
2023-10-05,173.63735961914062,174.17342391765436,171.42357417816774,172.5254984313363,48527900
2023-10-06,176.1986083984375,176.69497045530053,171.91995474415313,172.53545399514545,57224100
2023-10-09,177.68771362304688,177.7472746526145,174.52092093703254,175.5235669462164,42390800
2023-10-10,177.09205627441406,178.4123811800482,176.65525523522464,176.8041729428218,43698000
2023-10-11,178.4917755126953,178.54141474149296,176.30778577549145,176.90341107776567,47551100
2023-10-12,179.39517211914062,181.01330204161414,177.73730960362397,178.75982932462722,56743100
2023-10-13,177.5487060546875,180.60628286156256,176.84386529966793,180.09999903884182,51427100
2023-10-16,177.41964721679688,177.7770284883398,175.22572035442593,175.46397958471027,52517000
2023-10-17,175.86106872558594,177.12183257732815,173.5281761730158,175.36470667426025,57549400
2023-10-18,174.5605926513672,176.28793794498117,173.83590833900334,174.30248985254676,54764400
2023-10-19,174.18338012695312,176.54605322348112,173.91534037415258,174.75914678442408,59302900
2023-10-20,171.6221466064453,174.14365914589465,171.38388737014972,174.03445888939677,64189300
2023-10-23,171.7412872314453,172.74393322393487,168.69361665531068,169.6664972812815,55980100
2023-10-24,172.1780548095703,172.40637709061713,170.2025285754243,171.79089305137515,43816600
2023-10-25,169.8551025390625,171.80083332633419,169.4083645680371,170.62942613878033,57157000
2023-10-26,165.67572021484375,170.13305676328346,164.4645956319317,169.1303957533013,70625300
2023-10-27,166.9960479736328,167.73066925493364,165.6161620916175,165.69558183671225,58499100
2023-10-30,169.0509796142578,169.92458166587582,167.64131321590813,167.7902309189435,51131000
2023-10-31,169.52749633789062,169.6565401685357,166.67836791176023,168.11782995408234,44846000
2023-11-01,172.70419311523438,172.96229589848681,168.88219970872248,169.75580166398598,56934900
2023-11-02,176.2780303955078,176.4864939793014,174.18338188289627,174.2429429068373,77334800
2023-11-03,175.3647003173828,175.53347673875106,172.08872301559984,172.97224682902157,79763700
2023-11-06,177.92591857910156,178.12446034988363,174.9279030004302,175.09666426298327,63841300
2023-11-07,180.4971160888672,181.1126002277605,177.66784614167742,177.87630973489087,70530000
2023-11-08,181.55931091308594,182.11523398810698,180.26876654734838,181.023246561535,49340300
2023-11-09,181.08279418945312,182.78034380026955,180.48715371155149,181.62879543623518,53763500
2023-11-10,185.2875518798828,185.4565506612299,182.43468499907056,182.87206148972973,66133400
2023-11-13,183.69708251953125,184.9197374055116,183.11060738869827,184.71099921820172,43627500
2023-11-14,186.32135009765625,186.987349680322,185.18815428767326,186.579792942837,60108400
2023-11-15,186.887939453125,188.36905250310778,186.65931635404164,186.72890587030213,53790500
2023-11-16,188.5778045654297,189.82034448090351,187.52411797622008,188.43864070160558,54412900
2023-11-17,188.55792236328125,189.24380683321974,187.44461143684416,189.11457782649978,50922700
2023-11-20,190.30740356445312,190.76466491067268,188.7467813740569,188.75671623264228,46505100
2023-11-21,189.50225830078125,190.37701130719432,188.60763557529475,190.26766718139268,38134500
2023-11-22,190.16824340820312,191.77857025832532,189.6911123355231,190.34717704028523,39617700
2023-11-24,188.83624267578125,189.76068506922263,188.1205384889839,189.73086532541635,24048300
2023-11-27,188.65731811523438,189.53207108953595,187.77263028176083,188.78654712309,40552600
2023-11-28,189.26368713378906,189.9396367824376,188.2696551316836,188.64739214615557,38415400
2023-11-29,188.23980712890625,190.9435749821963,187.84220045483752,189.76067465041663,43014200
2023-11-30,188.81637573242188,189.1841778871875,187.06688486941184,188.70703160550096,48794400
2023-12-01,190.09866333007812,190.41674564636727,188.10064953196948,189.19409067360718,45679300
2023-12-04,188.29946899414062,188.91577913023963,186.33128993843854,188.84618961175903,43389500
2023-12-05,192.26565551757812,193.23980256929687,189.0449865799245,189.07482149235318,66628400
2023-12-06,191.17222595214844,193.5976510937421,190.9634725753497,193.28950362567244,41089700
2023-12-07,193.11058044433594,193.8362194805571,192.43463086867496,192.4744006383907,47477700
2023-12-08,194.5419921875,194.8203199094653,192.5141585929263,193.04099429291227,53377300
2023-12-11,192.027099609375,192.33526227849603,190.2776087030193,191.95752525473316,60943700
2023-12-12,193.54795837402344,193.5578932326663,190.57579752571402,191.92768151957463,52696900
2023-12-13,196.77854919433594,196.81830379403195,193.68710957348847,193.92566750710878,70404200
2023-12-14,196.92767333984375,198.4286561477334,194.9893140401918,196.83821410318075,66831600
2023-12-15,196.39088439941406,197.21591750628332,195.82427895138287,196.35111463057538,128256700
2023-12-18,194.7209014892578,195.45649052996882,193.2298536912898,194.9197048287757,55751900
2023-12-19,195.76466369628906,195.77459855586707,194.72092706706565,194.98931995291727,40714100
2023-12-20,193.667236328125,196.50021813416774,193.667236328125,195.72487446786357,52242800
2023-12-21,193.51812744140625,195.90381315665195,192.34517705306277,194.92966611931476,46482500
2023-12-22,192.44459533691406,194.24379077463595,191.8183503425399,194.01515250091973,37122800
2023-12-26,191.8978729248047,192.73285613100865,191.67918468017166,192.45452839560733,28919300
2023-12-27,191.9972686767578,192.34518593287333,189.94956524818429,191.34121910492223,48087700
2023-12-28,192.42471313476562,193.4982694967864,192.01715638138543,192.98136861854135,34049900
2023-12-29,191.38096618652344,193.23980104114617,190.58573760932344,192.7427850763616,42628800
